EmployeeNumber,Age,Gender,MaritalStatus,Education,EducationField,NumCompaniesWorked,Over18,DistanceFromHome,Attrition,PerformanceRating,EmployeeCount,MonthlyIncome,MonthlyRate,DailyRate,HourlyRate,PercentSalaryHike,StockOptionLevel,StandardHours,Department,JobRole,JobLevel,JobInvolvement,JobSatisfaction,OverTime,BusinessTravel,EnvironmentSatisfaction,RelationshipSatisfaction,WorkLifeBalance,TotalWorkingYears,YearsAtCompany,YearsInCurrentRole,YearsSinceLastPromotion,YearsWithCurrManager,TrainingTimesLastYear
1,41,Female,Single,2,"Life Sciences",8,Y,1,Yes,3,1,5993,19479,1102,94,11,0,80,Sales,"Sales Executive",2,3,4,Yes,Travel_Rarely,2,1,1,8,6,4,0,5,0
2,49,Male,Married,1,"Life Sciences",1,Y,8,No,4,1,5130,24907,279,61,23,1,80,"Research & Development","Research Scientist",2,2,2,No,Travel_Frequently,3,4,3,10,10,7,1,7,3
4,37,Male,Single,2,Other,6,Y,2,Yes,3,1,2090,2396,1373,92,15,0,80,"Research & Development","Laboratory Technician",1,2,3,Yes,Travel_Rarely,4,2,3,7,0,0,0,0,3
5,33,Female,Married,4,"Life Sciences",1,Y,3,No,3,1,2909,23159,1392,56,11,0,80,"Research & Development","Research Scientist",1,3,3,Yes,Travel_Frequently,4,3,3,8,8,7,3,0,3
7,27,Male,Married,1,Medical,9,Y,2,No,3,1,3468,16632,591,40,12,1,80,"Research & Development","Laboratory Technician",1,3,2,No,Travel_Rarely,1,4,3,6,2,2,2,2,3
8,32,Male,Single,2,"Life Sciences",0,Y,2,No,3,1,3068,11864,1005,79,13,0,80,"Research & Development","Laboratory Technician",1,3,4,No,Travel_Frequently,4,3,2,8,7,7,3,6,2
10,59,Female,Married,3,Medical,4,Y,3,No,4,1,2670,9964,1324,81,20,3,80,"Research & Development","Laboratory Technician",1,4,1,Yes,Travel_Rarely,3,1,2,12,1,0,0,0,3
11,30,Male,Divorced,1,"Life Sciences",1,Y,24,No,4,1,2693,13335,1358,67,22,1,80,"Research & Development","Laboratory Technician",1,3,3,No,Travel_Rarely,4,2,3,1,1,0,0,0,2
12,38,Male,Single,3,"Life Sciences",0,Y,23,No,4,1,9526,8787,216,44,21,0,80,"Research & Development","Manufacturing Director",3,2,3,No,Travel_Frequently,4,2,3,10,9,7,1,8,2
13,36,Male,Married,3,Medical,6,Y,27,No,3,1,5237,16577,1299,94,13,2,80,"Research & Development","Healthcare Representative",2,3,3,No,Travel_Rarely,3,2,2,17,7,7,7,7,3
14,35,Male,Married,3,Medical,0,Y,16,No,3,1,2426,16479,809,84,13,1,80,"Research & Development","Laboratory Technician",1,4,2,No,Travel_Rarely,1,3,3,6,5,4,0,3,5
15,29,Female,Single,2,"Life Sciences",0,Y,15,No,3,1,4193,12682,153,49,12,0,80,"Research & Development","Laboratory Technician",2,2,3,Yes,Travel_Rarely,4,4,3,10,9,5,0,8,3
16,31,Male,Divorced,1,"Life Sciences",1,Y,26,No,3,1,2911,15170,670,31,17,1,80,"Research & Development","Research Scientist",1,3,3,No,Travel_Rarely,1,4,2,5,5,2,4,3,1
18,34,Male,Divorced,2,Medical,0,Y,19,No,3,1,2661,8758,1346,93,11,1,80,"Research & Development","Laboratory Technician",1,3,4,No,Travel_Rarely,2,3,3,3,2,2,1,2,2
19,28,Male,Single,3,"Life Sciences",5,Y,24,Yes,3,1,2028,12947,103,50,14,0,80,"Research & Development","Laboratory Technician",1,2,3,Yes,Travel_Rarely,3,2,3,6,4,2,0,3,4
20,29,Female,Divorced,4,"Life Sciences",1,Y,21,No,3,1,9980,10195,1389,51,11,1,80,"Research & Development","Manufacturing Director",3,4,1,No,Travel_Rarely,2,3,3,10,10,9,8,8,1
21,32,Male,Divorced,2,"Life Sciences",0,Y,5,No,3,1,3298,15053,334,80,12,2,80,"Research & Development","Research Scientist",1,4,2,Yes,Travel_Rarely,1,4,2,7,6,2,0,5,5
22,22,Male,Divorced,2,Medical,1,Y,16,No,3,1,2935,7324,1123,96,13,2,80,"Research & Development","Laboratory Technician",1,4,4,Yes,Non-Travel,4,2,2,1,1,0,0,0,2
23,53,Female,Married,4,"Life Sciences",2,Y,2,No,3,1,15427,22021,1219,78,16,0,80,Sales,Manager,4,2,4,No,Travel_Rarely,1,3,3,31,25,8,3,7,3
24,38,Male,Single,3,"Life Sciences",5,Y,2,No,3,1,3944,4306,371,45,11,0,80,"Research & Development","Research Scientist",1,3,4,Yes,Travel_Rarely,4,3,3,6,3,2,1,2,3
26,24,Female,Divorced,2,Other,0,Y,11,No,3,1,4011,8232,673,96,18,1,80,"Research & Development","Manufacturing Director",2,4,3,No,Non-Travel,1,4,2,5,4,2,1,3,5
27,36,Male,Single,4,"Life Sciences",7,Y,9,Yes,4,1,3407,6986,1218,82,23,0,80,Sales,"Sales Representative",1,2,1,No,Travel_Rarely,3,2,3,10,5,3,0,3,4
28,34,Female,Single,4,"Life Sciences",0,Y,7,No,3,1,11994,21293,419,53,11,0,80,"Research & Development","Research Director",3,3,2,No,Travel_Rarely,1,3,3,13,12,6,2,11,4
30,21,Male,Single,2,"Life Sciences",1,Y,15,No,3,1,1232,19281,391,96,14,0,80,"Research & Development","Research Scientist",1,3,4,No,Travel_Rarely,3,4,3,0,0,0,0,0,6
31,34,Male,Single,1,Medical,2,Y,6,Yes,3,1,2960,17102,699,83,11,0,80,"Research & Development","Research Scientist",1,3,1,No,Travel_Rarely,2,3,3,8,4,2,1,3,2
32,53,Female,Divorced,3,Other,4,Y,5,No,3,1,19094,10735,1282,58,11,1,80,"Research & Development",Manager,5,3,3,No,Travel_Rarely,3,4,2,26,14,13,4,8,3
33,32,Female,Single,1,"Life Sciences",1,Y,16,Yes,4,1,3919,4681,1125,72,22,0,80,"Research & Development","Research Scientist",1,1,1,Yes,Travel_Frequently,2,2,3,10,10,2,6,7,5
35,42,Male,Married,4,Marketing,0,Y,8,No,3,1,6825,21173,691,48,11,1,80,Sales,"Sales Executive",2,3,2,No,Travel_Rarely,3,4,3,10,9,7,4,2,2
36,44,Female,Married,4,Medical,3,Y,7,No,3,1,10248,2094,477,42,14,1,80,"Research & Development","Healthcare Representative",3,2,4,No,Travel_Rarely,1,4,3,24,22,6,5,17,4
38,46,Female,Single,4,Marketing,3,Y,2,No,3,1,18947,22822,705,83,12,0,80,Sales,Manager,5,3,1,No,Travel_Rarely,2,4,2,22,2,2,2,1,2
39,33,Male,Single,3,Medical,4,Y,2,No,3,1,2496,6670,924,78,11,0,80,"Research & Development","Laboratory Technician",1,3,4,No,Travel_Rarely,3,4,3,7,1,1,0,0,3
40,44,Male,Married,4,Other,2,Y,10,No,3,1,6465,19121,1459,41,13,0,80,"Research & Development","Healthcare Representative",2,3,4,Yes,Travel_Rarely,4,4,4,9,4,2,1,3,5
41,30,Male,Single,2,Medical,1,Y,9,No,3,1,2206,16117,125,83,13,0,80,"Research & Development","Laboratory Technician",1,2,3,No,Travel_Rarely,4,1,3,10,10,0,1,8,5
42,39,Male,Married,3,"Technical Degree",3,Y,5,Yes,3,1,2086,3335,895,56,14,1,80,Sales,"Sales Representative",2,3,4,No,Travel_Rarely,4,3,4,19,1,0,0,0,6
45,24,Male,Married,3,Medical,2,Y,1,Yes,3,1,2293,3020,813,61,16,1,80,"Research & Development","Research Scientist",1,3,4,Yes,Travel_Rarely,2,1,2,6,2,0,2,0,2
46,43,Female,Divorced,2,Medical,1,Y,2,No,3,1,2645,21923,1273,72,12,2,80,"Research & Development","Research Scientist",1,4,3,No,Travel_Rarely,4,4,2,6,5,3,1,4,3
47,50,Male,Married,2,Marketing,1,Y,3,Yes,3,1,2683,3810,869,86,14,0,80,Sales,"Sales Representative",1,2,3,Yes,Travel_Rarely,1,3,3,3,3,2,0,2,2
49,35,Female,Married,3,Marketing,1,Y,2,No,3,1,2014,9687,890,97,13,0,80,Sales,"Sales Representative",1,3,4,No,Travel_Rarely,4,1,3,2,2,2,2,2,3
51,36,Female,Married,4,"Life Sciences",9,Y,5,No,3,1,3419,13072,852,82,14,1,80,"Research & Development","Research Scientist",1,2,1,Yes,Travel_Rarely,2,4,4,6,1,1,0,0,3
52,33,Female,Married,3,"Life Sciences",2,Y,1,No,3,1,5376,3193,1141,42,19,2,80,Sales,"Sales Executive",2,4,1,No,Travel_Frequently,3,1,3,10,5,3,1,3,3
53,35,Male,Divorced,2,Other,1,Y,4,No,3,1,1951,10910,464,75,12,1,80,"Research & Development","Laboratory Technician",1,3,4,No,Travel_Rarely,3,3,3,1,1,0,0,0,3
54,27,Female,Divorced,4,"Life Sciences",1,Y,2,No,3,1,2341,19715,1240,33,13,1,80,"Research & Development","Laboratory Technician",1,3,1,No,Travel_Rarely,4,4,3,1,1,0,0,0,6
55,26,Male,Single,3,"Life Sciences",1,Y,25,Yes,3,1,2293,10558,1357,48,12,0,80,"Research & Development","Laboratory Technician",1,1,3,No,Travel_Rarely,1,3,2,1,1,0,0,1,2
56,27,Male,Single,3,"Life Sciences",1,Y,8,No,3,1,8726,2975,994,37,15,0,80,Sales,"Sales Executive",3,3,3,No,Travel_Frequently,4,4,3,9,9,8,1,7,0
57,30,Female,Single,2,Medical,1,Y,1,No,4,1,4011,10781,721,58,23,0,80,"Research & Development","Laboratory Technician",2,3,4,No,Travel_Frequently,3,4,3,12,12,8,3,7,2
58,41,Female,Married,3,"Technical Degree",1,Y,12,Yes,3,1,19545,16280,1360,49,12,0,80,"Research & Development","Research Director",5,3,3,No,Travel_Rarely,2,4,3,23,22,15,15,8,0
60,34,Male,Single,4,Marketing,0,Y,23,No,4,1,4568,10034,1065,72,20,0,80,Sales,"Sales Executive",2,3,3,No,Non-Travel,2,3,3,10,9,5,8,7,2
61,37,Male,Married,2,"Life Sciences",4,Y,19,No,4,1,3022,10227,408,73,21,0,80,"Research & Development","Research Scientist",1,3,2,No,Travel_Rarely,2,1,3,8,1,0,0,0,1
62,46,Male,Single,4,Marketing,4,Y,5,No,4,1,5772,20445,1211,98,21,0,80,Sales,"Sales Executive",2,3,4,Yes,Travel_Frequently,1,3,3,14,9,6,0,8,4
63,35,Male,Married,1,"Life Sciences",1,Y,8,No,3,1,2269,4892,1229,36,19,0,80,"Research & Development","Laboratory Technician",1,4,4,No,Travel_Rarely,4,4,3,1,1,0,0,1,2
64,48,Male,Single,2,"Life Sciences",9,Y,1,Yes,3,1,5381,19294,626,98,13,0,80,"Research & Development","Laboratory Technician",3,2,3,Yes,Travel_Rarely,1,4,3,23,1,0,0,0,2
65,28,Male,Single,4,"Technical Degree",1,Y,5,Yes,3,1,3441,11179,1434,50,13,0,80,"Research & Development","Laboratory Technician",1,3,3,Yes,Travel_Rarely,3,3,2,2,2,2,2,2,3
68,44,Female,Divorced,5,Marketing,5,Y,1,No,4,1,5454,4009,1488,75,21,1,80,Sales,"Sales Executive",2,3,1,Yes,Travel_Rarely,2,3,2,9,4,3,1,3,2
70,35,Male,Married,2,Medical,2,Y,11,No,3,1,9884,8302,1097,79,13,1,80,"Research & Development","Healthcare Representative",3,2,1,Yes,Non-Travel,3,3,3,10,4,0,2,3,3
72,26,Female,Married,3,Marketing,7,Y,23,No,3,1,4157,21436,1443,47,19,1,80,Sales,"Sales Executive",2,2,4,Yes,Travel_Rarely,3,3,2,5,2,2,0,0,2
73,33,Female,Single,2,"Life Sciences",1,Y,1,No,3,1,13458,15146,515,98,12,0,80,"Research & Development","Research Director",3,3,4,Yes,Travel_Frequently,1,3,3,15,15,14,8,12,1
74,35,Male,Married,5,"Life Sciences",1,Y,18,No,4,1,9069,11031,853,71,22,1,80,Sales,"Sales Executive",3,3,1,No,Travel_Frequently,2,4,2,9,9,8,1,8,3
75,35,Female,Married,4,Medical,3,Y,23,No,3,1,4014,16002,1142,30,15,1,80,"Research & Development","Laboratory Technician",1,3,1,Yes,Travel_Rarely,3,3,3,4,2,2,2,2,3
76,31,Male,Divorced,4,"Life Sciences",3,Y,7,No,4,1,5915,9528,655,48,22,1,80,"Research & Development","Laboratory Technician",2,3,4,No,Travel_Rarely,4,4,2,10,7,7,1,7,3
77,37,Male,Divorced,4,"Life Sciences",1,Y,1,No,3,1,5993,2689,1115,51,18,1,80,"Research & Development","Manufacturing Director",2,2,3,No,Travel_Rarely,1,3,4,7,7,5,0,7,2
78,32,Male,Married,3,Medical,1,Y,1,No,4,1,6162,10877,427,33,22,1,80,"Research & Development","Manufacturing Director",2,3,4,Yes,Travel_Rarely,1,2,3,9,9,8,7,8,3
79,38,Female,Single,5,"Life Sciences",1,Y,29,No,3,1,2406,5456,653,50,11,0,80,"Research & Development","Laboratory Technician",2,3,4,No,Travel_Frequently,4,4,3,10,10,3,9,9,2
80,50,Female,Divorced,2,Medical,5,Y,7,No,3,1,18740,16701,989,43,12,1,80,"Research & Development","Research Director",5,2,3,Yes,Travel_Rarely,2,4,2,29,27,3,13,8,2
81,59,Female,Single,3,"Life Sciences",7,Y,25,No,3,1,7637,2354,1435,99,11,0,80,Sales,"Sales Executive",3,3,1,No,Travel_Rarely,1,4,2,28,21,16,7,9,3
83,36,Female,Divorced,3,"Technical Degree",1,Y,8,No,3,1,10096,8202,1223,59,13,3,80,"Research & Development","Healthcare Representative",3,3,3,No,Travel_Rarely,3,2,3,17,17,14,12,8,2
84,55,Female,Divorced,3,Medical,2,Y,8,No,3,1,14756,19730,836,33,14,3,80,"Research & Development",Manager,4,3,3,Yes,Travel_Rarely,4,3,3,21,5,0,0,2,2
85,36,Male,Single,3,"Life Sciences",1,Y,11,No,3,1,6499,22656,1195,95,13,0,80,"Research & Development","Manufacturing Director",2,2,2,No,Travel_Frequently,2,3,3,6,6,5,0,3,3
86,45,Male,Divorced,3,"Life Sciences",2,Y,7,No,3,1,9724,18787,1339,59,17,1,80,"Research & Development","Research Scientist",3,3,1,No,Travel_Rarely,2,3,3,25,1,0,0,0,2
88,35,Male,Married,3,Medical,4,Y,1,No,3,1,2194,5868,664,79,13,1,80,"Research & Development","Research Scientist",1,3,1,No,Travel_Frequently,2,4,2,5,3,2,1,2,2
90,36,Male,Married,3,Medical,0,Y,9,Yes,3,1,3388,21777,318,79,17,1,80,"Research & Development","Research Scientist",1,2,3,Yes,Travel_Rarely,4,1,2,2,1,0,0,0,0
91,59,Female,Single,1,"Life Sciences",7,Y,1,No,3,1,5473,24668,1225,57,11,0,80,Sales,"Sales Executive",2,2,3,No,Travel_Frequently,1,4,2,20,4,3,1,3,2
94,29,Male,Married,3,"Life Sciences",0,Y,2,No,4,1,2703,4956,1328,76,23,1,80,"Research & Development","Research Scientist",1,3,2,No,Travel_Rarely,3,4,3,6,5,4,0,4,3
95,31,Male,Single,4,Medical,1,Y,1,No,3,1,2501,18775,1082,87,17,0,80,"Research & Development","Research Scientist",1,3,2,No,Travel_Rarely,3,2,3,1,1,1,1,0,4
96,32,Male,Married,3,"Life Sciences",1,Y,1,No,3,1,6220,7346,548,66,17,2,80,"Research & Development","Research Scientist",2,3,2,No,Travel_Rarely,2,2,3,10,10,4,0,9,3
97,36,Female,Married,3,"Life Sciences",3,Y,6,No,3,1,3038,22002,132,55,12,0,80,"Research & Development","Laboratory Technician",1,4,4,No,Travel_Rarely,2,2,3,5,1,0,0,0,3
98,31,Female,Single,4,"Life Sciences",1,Y,8,No,4,1,4424,20682,746,61,23,0,80,"Research & Development","Manufacturing Director",2,3,4,No,Travel_Rarely,3,4,3,11,11,7,1,8,2
100,35,Male,Single,4,Marketing,0,Y,1,No,3,1,4312,23016,776,32,14,0,80,Sales,"Sales Executive",2,2,1,No,Travel_Rarely,3,2,3,16,15,13,2,8,2
101,45,Male,Married,4,Other,4,Y,6,No,3,1,13245,15067,193,52,14,0,80,"Research & Development","Research Director",3,3,1,Yes,Travel_Rarely,4,2,4,17,0,0,0,0,3
102,37,Male,Single,4,Medical,4,Y,7,No,3,1,13664,25258,397,30,13,0,80,"Research & Development","Research Director",3,3,3,No,Travel_Rarely,1,1,4,16,5,2,0,2,3
103,46,Male,Divorced,2,Medical,8,Y,5,No,4,1,5021,10425,945,80,22,1,80,"Human Resources","Human Resources",2,3,2,Yes,Travel_Rarely,2,4,3,16,4,2,0,2,2
104,30,Male,Married,1,"Life Sciences",1,Y,1,No,3,1,5126,15998,852,55,12,2,80,"Research & Development","Laboratory Technician",2,2,4,Yes,Travel_Rarely,4,3,2,10,10,8,3,0,1
105,35,Male,Single,3,Medical,1,Y,1,No,3,1,2859,26278,1214,30,18,0,80,"Research & Development","Research Scientist",1,2,3,No,Travel_Rarely,2,1,3,6,6,4,0,4,3
106,55,Male,Married,2,"Life Sciences",3,Y,1,No,3,1,10239,18092,111,70,14,1,80,Sales,"Sales Executive",3,3,4,No,Travel_Rarely,1,4,3,24,1,0,1,0,4
107,38,Female,Divorced,3,Medical,7,Y,6,No,3,1,5329,15717,573,79,12,3,80,"Research & Development","Research Scientist",2,1,4,Yes,Non-Travel,2,4,3,17,13,11,1,9,3
110,34,Male,Married,2,Medical,1,Y,1,No,3,1,4325,17736,1153,94,15,0,80,"Research & Development","Manufacturing Director",2,3,2,No,Travel_Rarely,1,3,3,5,5,2,1,3,2
112,56,Male,Single,3,"Life Sciences",4,Y,7,No,3,1,7260,21698,1400,49,11,0,80,"Research & Development","Manufacturing Director",3,1,4,No,Travel_Rarely,4,1,2,37,6,4,0,2,3
113,23,Male,Divorced,1,"Technical Degree",3,Y,2,No,3,1,2322,9518,541,62,13,1,80,Sales,"Sales Representative",1,3,1,No,Travel_Rarely,3,3,3,3,0,0,0,0,3
116,51,Male,Married,4,"Life Sciences",3,Y,9,No,4,1,2075,18725,432,96,23,2,80,"Research & Development","Laboratory Technician",1,3,4,No,Travel_Rarely,4,2,3,10,4,2,0,3,4
117,30,Male,Married,3,"Life Sciences",1,Y,2,No,3,1,4152,15830,288,99,19,3,80,"Research & Development","Healthcare Representative",2,2,4,No,Travel_Rarely,3,1,3,11,11,10,10,8,3
118,46,Male,Single,2,Medical,1,Y,9,Yes,3,1,9619,13596,669,64,16,0,80,Sales,"Sales Executive",3,2,4,No,Travel_Rarely,3,4,3,9,9,8,4,7,3
119,40,Male,Married,4,"Life Sciences",1,Y,1,No,4,1,13503,14115,530,78,22,1,80,"Research & Development","Healthcare Representative",4,2,2,No,Travel_Frequently,3,4,2,22,22,3,11,11,3
120,51,Male,Single,4,Marketing,0,Y,21,No,4,1,5441,8423,632,71,22,0,80,Sales,"Sales Executive",2,3,4,Yes,Travel_Rarely,3,4,1,11,10,7,1,0,2
121,30,Female,Divorced,2,Medical,1,Y,4,No,3,1,5209,19760,1334,63,12,3,80,Sales,"Sales Executive",2,2,2,Yes,Travel_Rarely,3,2,2,11,11,8,2,7,4
124,46,Male,Married,3,Medical,2,Y,1,No,3,1,10673,3142,638,40,13,1,80,"Research & Development","Healthcare Representative",3,2,1,Yes,Travel_Frequently,3,3,2,21,10,9,9,5,5
125,32,Male,Single,4,Medical,1,Y,6,No,3,1,5010,24301,1093,87,16,0,80,Sales,"Sales Executive",2,3,3,No,Travel_Rarely,2,1,3,12,11,8,5,7,0
126,54,Female,Married,4,"Technical Degree",9,Y,2,No,3,1,13549,24001,1217,60,12,1,80,"Research & Development","Research Director",3,3,3,No,Travel_Rarely,1,1,1,16,4,3,0,3,5
128,24,Female,Married,2,Other,0,Y,3,No,4,1,4999,17519,1353,33,21,1,80,Sales,"Sales Executive",2,3,3,No,Travel_Rarely,1,1,2,4,3,2,0,2,2
129,28,Male,Married,3,Medical,1,Y,4,No,3,1,4221,8863,120,43,15,0,80,Sales,"Sales Executive",2,3,3,No,Non-Travel,2,2,4,5,5,4,0,4,3
131,58,Male,Single,4,Medical,0,Y,10,No,3,1,13872,24409,682,37,13,0,80,Sales,"Sales Executive",4,3,3,No,Travel_Rarely,4,3,2,38,37,10,1,8,1
132,44,Male,Married,3,Medical,4,Y,23,No,3,1,2042,25043,489,67,12,1,80,"Research & Development","Laboratory Technician",2,3,2,No,Non-Travel,2,3,4,17,3,2,1,2,3
133,37,Male,Divorced,4,"Human Resources",4,Y,6,Yes,4,1,2073,23648,807,63,22,0,80,"Human Resources","Human Resources",1,3,1,Yes,Travel_Rarely,3,4,3,7,3,2,0,2,3
134,32,Male,Single,1,"Life Sciences",1,Y,1,No,3,1,2956,15178,827,71,13,0,80,"Research & Development","Research Scientist",1,3,1,No,Travel_Rarely,4,4,3,1,1,0,0,0,2
137,20,Female,Single,3,"Life Sciences",1,Y,6,Yes,3,1,2926,19783,871,66,18,0,80,"Research & Development","Laboratory Technician",1,2,4,Yes,Travel_Frequently,4,2,3,1,1,0,1,0,5
138,34,Female,Single,4,Other,1,Y,6,No,3,1,4809,12482,665,41,14,0,80,"Research & Development","Research Scientist",2,3,3,No,Travel_Rarely,1,3,3,16,16,13,2,10,3
139,37,Male,Divorced,2,"Life Sciences",5,Y,2,No,3,1,5163,15850,1040,100,14,1,80,"Research & Development","Healthcare Representative",2,2,4,No,Non-Travel,3,4,4,17,1,0,0,0,2
140,59,Female,Married,4,"Human Resources",9,Y,2,No,4,1,18844,21922,1420,32,21,1,80,"Human Resources",Manager,5,2,4,No,Non-Travel,3,4,3,30,3,2,2,2,3
141,50,Female,Married,3,"Life Sciences",3,Y,1,No,3,1,18172,9755,1115,73,19,0,80,"Research & Development","Research Director",5,3,2,Yes,Travel_Frequently,1,1,2,28,8,3,0,7,1
142,25,Male,Single,3,Marketing,1,Y,5,Yes,3,1,5744,26959,240,46,11,0,80,Sales,"Sales Executive",2,2,3,Yes,Travel_Rarely,3,4,3,6,6,4,0,3,1
143,25,Male,Married,1,Medical,1,Y,7,No,3,1,2889,26897,1280,64,11,2,80,"Research & Development","Research Scientist",1,2,4,No,Travel_Rarely,4,3,3,2,2,2,2,1,2
144,22,Female,Single,3,Medical,1,Y,15,No,3,1,2871,23785,534,59,15,0,80,"Research & Development","Laboratory Technician",1,3,4,No,Travel_Rarely,2,3,3,1,0,0,0,0,5
145,51,Female,Single,4,Medical,3,Y,1,No,4,1,7484,25796,1456,30,20,0,80,"Research & Development","Healthcare Representative",3,2,1,No,Travel_Frequently,1,3,2,23,13,12,12,8,1
147,34,Male,Single,3,"Life Sciences",1,Y,7,Yes,4,1,6074,22887,658,66,24,0,80,"Research & Development","Laboratory Technician",2,1,3,Yes,Travel_Frequently,1,4,3,9,9,7,0,6,3
148,54,Female,Single,3,"Human Resources",2,Y,26,No,3,1,17328,13871,142,30,12,0,80,"Human Resources",Manager,4,4,4,Yes,Non-Travel,4,3,3,23,5,3,4,4,3
150,24,Male,Married,1,"Life Sciences",0,Y,18,No,3,1,2774,13257,1127,52,12,1,80,"Research & Development","Laboratory Technician",1,3,3,No,Travel_Rarely,2,3,3,6,5,3,1,2,2
151,34,Female,Divorced,4,"Life Sciences",6,Y,6,No,3,1,4505,15000,1031,45,15,1,80,"Research & Development","Research Scientist",2,2,2,No,Travel_Rarely,3,3,3,12,1,0,0,0,3
152,37,Male,Single,3,"Life Sciences",2,Y,3,No,3,1,7428,14506,1189,87,12,0,80,Sales,"Sales Executive",3,3,4,No,Travel_Rarely,3,1,3,12,5,3,1,3,3
153,34,Female,Single,3,Medical,2,Y,5,No,3,1,11631,5615,1354,45,12,0,80,"Research & Development",Manager,3,2,1,No,Travel_Rarely,3,4,3,14,11,10,5,8,6
154,36,Female,Married,2,"Technical Degree",0,Y,11,No,3,1,9738,22952,1467,92,14,1,80,Sales,"Sales Executive",3,3,4,No,Travel_Frequently,2,3,3,10,9,7,2,8,6
155,36,Female,Divorced,2,"Life Sciences",5,Y,3,No,4,1,2835,2561,922,39,22,1,80,"Research & Development","Laboratory Technician",1,3,4,No,Travel_Rarely,1,1,3,7,1,0,0,0,2
158,43,Male,Married,2,"Life Sciences",1,Y,26,No,3,1,16959,19494,394,92,12,2,80,Sales,Manager,4,3,4,Yes,Travel_Frequently,3,4,4,25,25,12,4,12,3
159,30,Male,Divorced,3,"Life Sciences",1,Y,23,No,4,1,2613,22310,1312,96,25,3,80,"Research & Development","Research Scientist",1,1,3,No,Travel_Frequently,1,3,2,10,10,7,0,9,2
160,33,Male,Married,2,Marketing,0,Y,22,No,3,1,6146,15480,750,95,13,1,80,Sales,"Sales Executive",2,3,2,No,Non-Travel,3,1,4,8,7,7,0,7,2
161,56,Female,Married,4,"Life Sciences",9,Y,14,Yes,3,1,4963,4510,441,72,18,3,80,"Research & Development","Research Scientist",1,3,2,Yes,Travel_Rarely,2,1,3,7,5,4,4,3,2
162,51,Male,Single,3,"Life Sciences",7,Y,6,No,3,1,19537,6462,684,51,13,0,80,"Research & Development","Research Director",5,3,3,No,Travel_Rarely,1,3,3,23,20,18,15,15,5
163,31,Male,Married,4,"Life Sciences",4,Y,6,Yes,3,1,6172,20739,249,76,18,0,80,Sales,"Sales Executive",2,1,3,Yes,Travel_Rarely,2,2,2,12,7,7,7,7,3
164,26,Female,Married,3,Other,1,Y,6,No,3,1,2368,23300,841,46,19,0,80,"Research & Development","Research Scientist",1,2,2,No,Travel_Rarely,3,3,2,5,5,4,4,3,3
165,58,Female,Married,4,Medical,1,Y,23,Yes,3,1,10312,3465,147,94,12,1,80,"Research & Development","Healthcare Representative",3,3,4,No,Travel_Rarely,4,4,2,40,40,10,15,6,3
167,19,Male,Single,1,Marketing,1,Y,22,Yes,3,1,1675,26820,528,50,19,0,80,Sales,"Sales Representative",1,3,3,Yes,Travel_Rarely,4,4,2,0,0,0,0,0,2
169,22,Male,Married,1,"Technical Degree",0,Y,2,No,3,1,2523,19299,594,100,14,1,80,"Research & Development","Laboratory Technician",1,3,4,No,Travel_Rarely,3,3,3,3,2,1,2,1,2
170,49,Female,Married,4,Medical,1,Y,20,No,3,1,6567,5549,470,96,14,0,80,"Research & Development","Manufacturing Director",2,3,1,No,Travel_Rarely,3,3,2,16,15,11,5,11,2
171,43,Female,Single,3,Medical,4,Y,28,No,3,1,4739,16090,957,72,12,0,80,"Research & Development","Research Scientist",1,4,3,No,Travel_Frequently,2,4,3,18,3,2,1,2,2
174,50,Female,Single,3,Marketing,4,Y,12,No,3,1,9208,6645,809,77,11,0,80,Sales,"Sales Executive",3,3,4,No,Travel_Frequently,3,4,3,16,2,2,2,1,3
175,31,Female,Married,3,"Life Sciences",3,Y,20,Yes,3,1,4559,24788,542,71,11,1,80,Sales,"Sales Executive",2,1,3,Yes,Travel_Rarely,2,3,3,4,2,2,2,2,2
176,41,Male,Divorced,1,"Life Sciences",3,Y,9,No,3,1,8189,21196,802,96,13,1,80,Sales,"Sales Executive",3,3,3,Yes,Travel_Rarely,3,3,3,12,9,7,0,7,2
177,26,Female,Married,1,"Life Sciences",1,Y,25,No,4,1,2942,8916,1355,61,23,1,80,"Human Resources","Human Resources",1,3,3,No,Travel_Rarely,3,4,3,8,8,7,5,7,3
178,36,Male,Divorced,2,Medical,6,Y,6,No,4,1,4941,2819,216,84,20,2,80,"Research & Development","Manufacturing Director",2,3,2,No,Travel_Rarely,2,4,3,7,3,2,0,1,0
179,51,Male,Single,4,"Life Sciences",2,Y,8,Yes,3,1,10650,25150,1150,53,15,0,80,"Research & Development","Manufacturing Director",3,1,4,No,Travel_Frequently,1,4,3,18,4,2,0,3,2
182,39,Female,Married,4,"Life Sciences",4,Y,4,No,3,1,5902,14590,1329,47,14,1,80,Sales,"Sales Executive",2,2,3,No,Travel_Rarely,4,3,4,17,15,11,5,9,1
183,25,Male,Married,3,"Life Sciences",2,Y,28,No,3,1,8639,24835,959,41,18,0,80,Sales,"Sales Executive",2,2,3,No,Travel_Rarely,1,4,3,6,2,2,2,2,3
184,30,Male,Married,3,"Human Resources",0,Y,9,No,3,1,6347,13982,1240,48,19,0,80,"Human Resources","Human Resources",2,3,4,Yes,Travel_Rarely,3,4,1,12,11,9,4,7,2
190,32,Female,Single,3,Medical,7,Y,9,Yes,4,1,4200,10224,1033,41,22,0,80,"Research & Development","Laboratory Technician",1,3,1,No,Travel_Rarely,1,1,4,10,5,4,0,4,2
192,45,Male,Single,3,Medical,5,Y,29,No,3,1,3452,9752,1316,83,13,0,80,"Research & Development","Research Scientist",1,3,4,No,Travel_Rarely,3,2,2,9,6,5,0,3,2
193,38,Female,Single,5,"Technical Degree",3,Y,3,No,4,1,4317,2302,364,32,20,0,80,"Research & Development","Research Scientist",2,3,3,Yes,Travel_Rarely,4,2,3,19,3,2,2,2,2
194,30,Female,Single,3,"Life Sciences",1,Y,18,No,3,1,2632,23910,438,75,14,0,80,"Research & Development","Research Scientist",1,3,3,No,Travel_Rarely,1,3,2,5,5,4,0,4,4
195,32,Male,Divorced,2,Medical,0,Y,9,No,3,1,4668,22812,689,35,17,3,80,Sales,"Sales Executive",2,1,4,No,Travel_Frequently,4,4,4,9,8,7,0,7,2
197,30,Female,Divorced,3,"Technical Degree",5,Y,5,No,3,1,3204,10415,201,84,14,1,80,"Research & Development","Research Scientist",1,3,1,No,Travel_Rarely,4,4,3,8,3,2,2,2,3
198,30,Male,Single,1,Medical,0,Y,2,No,3,1,2720,11162,1427,35,13,0,80,"Research & Development","Laboratory Technician",1,2,4,No,Travel_Rarely,2,4,3,6,5,3,1,2,3
199,41,Male,Divorced,3,"Life Sciences",4,Y,10,No,3,1,17181,12888,857,91,13,1,80,"Research & Development",Manager,4,2,1,No,Travel_Frequently,4,2,2,21,7,6,7,7,2
200,41,Male,Married,4,"Life Sciences",2,Y,9,No,4,1,2238,6961,933,94,21,1,80,"Research & Development","Laboratory Technician",1,3,1,No,Travel_Rarely,3,4,3,7,5,0,1,4,2
201,19,Female,Single,1,Medical,1,Y,3,No,3,1,1483,16102,1181,79,14,0,80,"Research & Development","Laboratory Technician",1,3,2,No,Travel_Rarely,2,4,3,1,1,0,0,0,3
202,40,Female,Divorced,3,Medical,1,Y,26,No,3,1,5605,8504,1395,54,11,1,80,"Research & Development","Research Scientist",2,3,2,No,Travel_Frequently,2,1,3,20,20,7,2,13,2
204,35,Male,Married,5,Marketing,1,Y,1,No,3,1,7295,11439,662,94,13,2,80,Sales,"Sales Executive",3,3,2,No,Travel_Rarely,3,1,3,10,10,8,0,6,3
205,53,Male,Married,2,Marketing,2,Y,6,No,4,1,2306,16047,1436,34,20,1,80,Sales,"Sales Representative",2,3,3,Yes,Travel_Rarely,2,4,1,13,7,7,4,5,3
206,45,Male,Divorced,3,"Life Sciences",8,Y,9,No,3,1,2348,10901,194,60,18,1,80,"Research & Development","Laboratory Technician",2,3,2,No,Travel_Rarely,2,3,1,20,17,9,0,15,2
207,32,Female,Single,3,Marketing,1,Y,8,No,3,1,8998,15589,967,43,14,0,80,Sales,"Sales Executive",3,3,4,No,Travel_Frequently,2,4,3,9,9,8,3,7,2
208,29,Male,Married,1,"Technical Degree",1,Y,1,No,3,1,4319,26283,1496,41,13,1,80,"Research & Development","Manufacturing Director",2,3,3,No,Non-Travel,4,1,3,10,10,7,0,9,1
211,51,Male,Married,4,Medical,2,Y,7,No,3,1,6132,13983,1169,34,17,0,80,"Research & Development","Manufacturing Director",2,2,3,No,Travel_Rarely,2,3,3,10,1,0,0,0,2
214,58,Female,Married,3,Medical,4,Y,9,No,4,1,3346,11873,1145,75,20,1,80,"Research & Development","Research Scientist",1,2,2,Yes,Travel_Rarely,2,2,2,9,1,0,0,0,3
215,40,Male,Married,4,Marketing,7,Y,4,No,3,1,10855,8552,630,67,11,1,80,Sales,"Sales Executive",3,2,4,No,Travel_Rarely,3,1,2,15,12,11,2,11,2
216,34,Female,Married,4,Marketing,6,Y,2,No,3,1,2231,11314,303,75,18,1,80,Sales,"Sales Representative",1,3,3,No,Travel_Frequently,3,4,3,6,4,3,1,2,3
217,22,Male,Married,1,Medical,1,Y,19,No,4,1,2323,11992,1256,80,24,2,80,"Research & Development","Research Scientist",1,3,4,No,Travel_Rarely,3,1,3,2,2,2,2,2,6
218,27,Male,Divorced,3,Medical,6,Y,9,No,3,1,2024,5970,691,57,18,1,80,"Research & Development","Research Scientist",1,3,2,No,Non-Travel,4,4,1,6,2,2,2,2,1
221,28,Male,Married,3,Medical,1,Y,21,No,3,1,2713,6672,440,42,11,1,80,"Research & Development","Research Scientist",1,3,4,No,Travel_Rarely,3,3,1,5,5,2,0,2,2
223,57,Male,Divorced,2,"Life Sciences",3,Y,24,No,3,1,9439,23402,334,83,16,1,80,"Research & Development","Healthcare Representative",3,4,4,Yes,Travel_Rarely,3,2,1,12,5,3,1,4,2
224,27,Male,Divorced,3,Medical,1,Y,3,No,3,1,2566,25326,1450,79,15,1,80,"Research & Development","Research Scientist",1,2,3,Yes,Non-Travel,3,4,2,1,1,1,0,1,2
226,50,Female,Single,3,"Life Sciences",3,Y,11,No,3,1,19926,17053,1452,53,15,0,80,"Research & Development",Manager,5,3,2,No,Travel_Rarely,3,2,3,21,5,4,4,4,5
227,41,Male,Divorced,3,"Life Sciences",4,Y,14,No,3,1,2451,4609,465,56,12,1,80,"Research & Development","Research Scientist",1,3,3,No,Travel_Rarely,1,1,3,13,9,8,1,8,2
228,30,Female,Married,3,"Life Sciences",2,Y,5,No,3,1,9419,8053,1339,41,12,1,80,Sales,"Sales Executive",3,3,4,No,Travel_Rarely,2,3,3,12,10,9,7,4,2
230,38,Female,Single,4,"Life Sciences",4,Y,1,No,4,1,8686,12930,702,59,22,0,80,Sales,"Sales Executive",2,2,4,No,Travel_Rarely,1,3,4,12,8,3,0,7,2
231,32,Male,Single,5,"Life Sciences",3,Y,6,No,4,1,3038,12430,120,43,20,0,80,"Research & Development","Research Scientist",1,3,3,No,Travel_Rarely,3,1,3,8,5,4,1,4,2
233,27,Male,Married,3,"Technical Degree",0,Y,17,No,3,1,3058,13364,1157,51,16,1,80,"Research & Development","Research Scientist",1,3,2,Yes,Travel_Rarely,3,4,2,6,5,2,1,1,3
235,19,Female,Single,1,"Technical Degree",0,Y,1,Yes,4,1,2325,20989,602,100,21,0,80,Sales,"Sales Representative",1,1,1,No,Travel_Frequently,3,1,4,1,0,0,0,0,5
238,36,Male,Single,2,Medical,4,Y,3,No,3,1,2088,15062,1480,30,12,0,80,"Research & Development","Laboratory Technician",1,3,2,No,Travel_Frequently,4,3,2,13,8,7,7,2,3
239,30,Male,Divorced,3,Medical,1,Y,9,No,3,1,3072,11012,111,66,11,2,80,"Research & Development","Laboratory Technician",2,3,1,No,Non-Travel,3,3,3,12,12,9,6,10,4
240,45,Female,Divorced,2,"Life Sciences",4,Y,4,No,3,1,5006,6319,1268,30,11,1,80,Sales,"Sales Executive",2,3,1,Yes,Travel_Rarely,3,1,4,9,5,4,0,3,3
241,56,Female,Divorced,3,"Life Sciences",4,Y,8,No,3,1,4257,13939,713,67,18,1,80,"Research & Development","Research Scientist",1,3,1,Yes,Travel_Rarely,3,3,3,19,2,2,2,2,3
242,33,Male,Single,3,"Life Sciences",0,Y,2,No,3,1,2500,10515,134,90,14,0,80,"Research & Development","Research Scientist",1,3,4,No,Travel_Rarely,3,1,4,4,3,1,0,2,2
243,19,Male,Single,3,"Life Sciences",1,Y,2,Yes,4,1,1102,9241,303,47,22,0,80,"Research & Development","Laboratory Technician",1,2,4,No,Travel_Rarely,2,3,2,1,1,0,1,0,3
244,46,Female,Divorced,2,Marketing,1,Y,1,No,4,1,10453,2137,526,92,25,3,80,Sales,"Sales Executive",3,3,1,No,Travel_Rarely,2,3,3,24,24,13,15,7,2
245,38,Female,Single,2,"Life Sciences",1,Y,9,No,3,1,2288,6319,1380,75,12,0,80,"Research & Development","Laboratory Technician",1,3,4,No,Travel_Rarely,3,3,3,2,2,2,2,1,3
246,31,Female,Married,1,Medical,8,Y,12,No,4,1,3929,6984,140,95,23,1,80,"Research & Development","Research Scientist",1,3,4,Yes,Travel_Rarely,3,3,3,7,4,2,0,2,0
247,34,Female,Single,2,Medical,2,Y,27,No,3,1,2311,5711,629,95,15,0,80,"Research & Development","Research Scientist",1,3,2,No,Travel_Rarely,4,4,3,9,3,2,1,2,3
248,41,Female,Single,2,Marketing,1,Y,20,Yes,4,1,3140,21728,1356,70,22,0,80,Sales,"Sales Representative",1,3,2,Yes,Travel_Rarely,2,4,2,4,4,3,0,2,5
249,50,Male,Married,3,Medical,2,Y,1,No,3,1,3690,3425,328,86,15,1,80,"Research & Development","Laboratory Technician",1,2,3,No,Travel_Rarely,3,4,2,5,3,2,0,2,2
250,53,Female,Divorced,2,Medical,1,Y,13,No,3,1,4450,26250,1084,57,11,2,80,"Research & Development","Manufacturing Director",2,4,1,No,Travel_Rarely,4,3,3,5,4,2,1,3,3
252,33,Female,Married,3,Medical,1,Y,14,No,3,1,2756,4673,931,72,13,1,80,"Research & Development","Research Scientist",1,3,2,No,Travel_Rarely,4,4,3,8,8,7,1,6,5
253,40,Female,Married,1,Medical,1,Y,4,No,3,1,19033,6499,989,46,14,1,80,"Research & Development",Manager,5,3,3,No,Travel_Rarely,4,2,3,21,20,8,9,9,2
254,55,Male,Single,4,Medical,8,Y,14,No,3,1,18722,13339,692,61,11,0,80,"Research & Development","Research Director",5,4,2,No,Travel_Rarely,3,4,3,36,24,15,2,15,3
256,34,Male,Married,1,"Life Sciences",1,Y,2,No,3,1,9547,14074,1069,45,17,0,80,"Research & Development","Manufacturing Director",2,2,3,No,Travel_Frequently,4,3,2,10,10,9,1,9,2
258,51,Female,Single,3,Medical,3,Y,3,No,3,1,13734,7192,313,98,18,0,80,"Research & Development","Healthcare Representative",4,3,2,No,Travel_Rarely,4,3,3,21,7,7,1,0,6
259,52,Male,Married,4,"Life Sciences",0,Y,1,No,3,1,19999,5678,699,65,14,1,80,"Research & Development",Manager,5,2,3,No,Travel_Rarely,3,1,3,34,33,18,11,9,5
260,27,Female,Single,3,Medical,1,Y,9,No,3,1,2279,11781,894,99,16,0,80,"Research & Development","Research Scientist",1,3,2,No,Travel_Rarely,4,4,2,7,7,7,0,3,2
261,35,Male,Married,2,"Life Sciences",3,Y,23,Yes,3,1,5916,15497,556,50,13,0,80,"Research & Development","Manufacturing Director",2,2,3,Yes,Travel_Rarely,2,1,3,8,1,0,0,1,1
262,43,Male,Divorced,3,Medical,4,Y,7,No,3,1,2089,5228,1344,37,14,3,80,"Research & Development","Research Scientist",1,4,4,No,Non-Travel,4,4,4,7,5,4,2,2,3
264,45,Male,Married,2,Medical,9,Y,2,No,4,1,16792,20462,1195,65,23,1,80,"Research & Development",Manager,4,2,4,No,Non-Travel,1,4,3,22,20,8,11,8,1
267,37,Male,Married,3,"Life Sciences",1,Y,21,No,3,1,3564,22977,290,65,12,1,80,"Research & Development","Research Scientist",1,4,1,Yes,Travel_Rarely,2,1,2,8,8,7,1,7,3
269,35,Female,Single,3,Medical,5,Y,2,No,3,1,4425,15986,138,37,11,0,80,"Research & Development","Laboratory Technician",2,3,2,No,Travel_Frequently,2,4,3,10,6,2,1,2,5
270,42,Female,Divorced,2,Medical,2,Y,21,No,3,1,5265,16439,926,36,16,1,80,"Research & Development","Manufacturing Director",2,3,3,No,Non-Travel,3,2,3,11,5,3,0,2,5
271,38,Male,Married,4,"Life Sciences",9,Y,2,No,3,1,6553,7259,1261,88,14,0,80,"Research & Development","Manufacturing Director",2,3,3,No,Travel_Rarely,4,2,3,14,1,0,0,0,3
273,38,Male,Married,3,"Technical Degree",3,Y,29,No,3,1,6261,4185,1084,54,18,1,80,"Research & Development","Manufacturing Director",2,3,4,No,Travel_Rarely,4,1,1,9,7,7,1,7,3
274,27,Male,Married,1,"Technical Degree",5,Y,1,No,3,1,4298,9679,472,60,19,1,80,"Research & Development","Manufacturing Director",2,2,1,No,Travel_Frequently,3,3,3,6,2,2,2,0,1
275,49,Male,Divorced,4,"Life Sciences",1,Y,18,No,3,1,6804,23793,1002,92,15,2,80,"Research & Development","Manufacturing Director",2,3,4,Yes,Non-Travel,4,1,3,7,7,7,1,7,0
277,34,Male,Divorced,4,Medical,1,Y,10,No,3,1,3815,5972,878,43,17,1,80,"Research & Development","Research Scientist",1,3,3,Yes,Travel_Frequently,4,4,4,5,5,3,2,0,4
281,40,Male,Married,2,Medical,8,Y,19,No,3,1,2741,16523,905,99,15,1,80,"Research & Development","Laboratory Technician",2,3,4,Yes,Travel_Rarely,3,3,4,15,7,2,3,7,2
282,38,Male,Married,1,Medical,7,Y,29,Yes,3,1,6673,11354,1180,70,19,0,80,"Research & Development","Healthcare Representative",2,3,1,Yes,Travel_Rarely,2,2,3,17,1,0,0,0,2
283,29,Female,Married,3,Marketing,1,Y,27,Yes,4,1,7639,24525,121,35,22,3,80,Sales,"Sales Executive",3,3,4,No,Travel_Rarely,2,4,2,10,10,4,1,9,3
284,22,Male,Divorced,3,"Life Sciences",1,Y,5,No,3,1,2328,12392,1136,60,16,1,80,"Research & Development","Research Scientist",1,4,2,Yes,Travel_Rarely,4,1,2,4,4,2,2,2,2
286,36,Female,Single,1,Medical,1,Y,18,No,3,1,2153,7703,635,73,13,0,80,"Research & Development","Laboratory Technician",1,3,4,No,Travel_Frequently,2,1,3,8,8,1,1,7,2
287,40,Male,Married,5,"Life Sciences",9,Y,9,No,3,1,4876,14242,1151,63,14,1,80,"Research & Development","Healthcare Representative",2,2,4,No,Non-Travel,4,4,1,5,3,2,0,2,5
288,46,Male,Divorced,4,Medical,7,Y,1,No,3,1,9396,12368,644,97,16,1,80,"Research & Development","Healthcare Representative",3,3,1,No,Travel_Rarely,4,3,3,17,4,2,0,3,3
291,32,Male,Married,4,Medical,1,Y,4,Yes,3,1,10400,25812,1045,32,11,0,80,Sales,"Sales Executive",3,1,4,No,Travel_Rarely,4,3,2,14,14,8,9,8,2
292,30,Male,Single,1,"Life Sciences",1,Y,1,No,4,1,8474,20925,829,88,22,0,80,"Research & Development","Manufacturing Director",3,2,3,No,Non-Travel,3,3,3,12,11,8,5,8,2
293,27,Female,Single,3,"Life Sciences",1,Y,20,No,3,1,9981,12916,1242,90,14,0,80,Sales,"Sales Executive",2,3,3,No,Travel_Frequently,4,4,3,7,7,7,0,7,2
296,51,Male,Married,4,"Life Sciences",5,Y,8,No,3,1,12490,15736,1469,81,16,2,80,"Research & Development","Research Director",3,2,2,No,Travel_Rarely,2,4,1,16,10,9,4,7,5
297,30,Female,Single,3,"Technical Degree",5,Y,3,Yes,3,1,2657,8556,1005,88,11,0,80,"Research & Development","Research Scientist",1,3,1,Yes,Travel_Rarely,4,3,3,8,5,2,0,4,5
298,41,Female,Single,3,"Life Sciences",3,Y,6,No,3,1,13591,14674,896,75,18,0,80,Sales,Manager,3,3,4,Yes,Travel_Rarely,4,3,3,16,1,0,0,0,3
299,30,Female,Single,4,Marketing,5,Y,26,Yes,3,1,6696,22967,334,52,15,0,80,Sales,"Sales Executive",2,2,1,No,Travel_Frequently,3,3,2,9,6,3,0,1,5
300,29,Male,Single,3,"Technical Degree",0,Y,1,Yes,3,1,2058,19757,992,85,14,0,80,"Research & Development","Research Scientist",1,3,3,No,Travel_Rarely,3,4,2,7,6,2,1,5,1
302,45,Female,Single,3,Medical,6,Y,6,No,3,1,8865,16840,1052,57,12,0,80,Sales,"Sales Executive",3,2,4,No,Non-Travel,4,4,3,23,19,7,12,8,2
303,54,Female,Married,3,Marketing,2,Y,3,No,3,1,5940,17011,1147,52,14,1,80,Sales,"Sales Executive",2,3,1,No,Travel_Rarely,4,4,3,16,6,2,0,5,4
304,36,Male,Single,2,"Life Sciences",8,Y,5,No,3,1,5914,9945,1396,62,16,0,80,"Research & Development","Laboratory Technician",2,3,2,No,Travel_Rarely,4,4,4,16,13,11,3,7,3
305,33,Female,Married,4,Medical,6,Y,4,No,4,1,2622,13248,147,47,21,0,80,"Research & Development","Research Scientist",1,2,2,No,Travel_Rarely,3,4,3,7,3,2,1,1,3
306,37,Male,Divorced,3,Other,1,Y,11,No,3,1,12185,10056,663,47,14,3,80,"Research & Development","Research Director",3,3,4,Yes,Travel_Frequently,2,3,3,10,10,8,0,7,1
307,38,Male,Divorced,3,"Life Sciences",0,Y,3,No,3,1,10609,9647,119,76,12,2,80,Sales,"Sales Executive",3,3,3,No,Travel_Rarely,1,3,2,17,16,10,5,13,6
308,31,Male,Married,4,Medical,0,Y,1,No,3,1,4345,4381,979,90,12,1,80,"Research & Development","Manufacturing Director",2,1,3,No,Non-Travel,3,4,3,6,5,4,1,4,2
309,59,Male,Married,3,"Life Sciences",3,Y,3,No,3,1,2177,8456,142,70,17,1,80,"Research & Development","Research Scientist",1,2,4,No,Travel_Rarely,3,1,3,7,1,0,0,0,6
311,37,Male,Divorced,4,Marketing,4,Y,4,No,3,1,2793,2539,319,41,17,1,80,Sales,"Sales Representative",1,3,4,No,Travel_Frequently,1,3,3,13,9,8,5,8,2
312,29,Female,Married,1,Medical,1,Y,1,No,3,1,7918,6599,1413,42,14,1,80,Sales,"Sales Executive",3,3,4,No,Travel_Frequently,2,4,3,11,11,10,4,1,5
314,35,Female,Single,3,Marketing,1,Y,1,No,3,1,8789,9096,944,92,14,0,80,Sales,"Sales Executive",3,3,3,No,Travel_Frequently,3,1,4,10,10,7,0,8,3
315,29,Male,Single,1,Medical,1,Y,18,Yes,3,1,2389,14961,896,86,13,0,80,"Research & Development","Research Scientist",1,2,4,Yes,Travel_Rarely,3,3,2,4,4,3,0,1,3
316,52,Female,Single,3,"Life Sciences",7,Y,2,No,3,1,3212,3300,1323,89,15,0,80,"Research & Development","Laboratory Technician",1,2,4,No,Travel_Rarely,3,2,2,6,2,2,2,2,3
319,42,Male,Married,2,"Technical Degree",1,Y,4,No,3,1,19232,4933,532,58,11,0,80,"Research & Development",Manager,5,3,4,No,Travel_Rarely,3,4,3,22,22,17,11,15,3
321,59,Male,Married,2,Medical,8,Y,6,No,3,1,2267,25657,818,52,17,0,80,"Human Resources","Human Resources",1,3,3,No,Travel_Rarely,2,4,2,7,2,2,2,2,2
323,50,Female,Divorced,4,Medical,3,Y,1,No,3,1,19517,24118,854,68,11,1,80,Sales,Manager,5,3,4,No,Travel_Rarely,4,3,2,32,7,0,0,6,3
325,33,Male,Married,3,Medical,5,Y,14,Yes,3,1,2436,22149,813,58,13,1,80,"Research & Development","Laboratory Technician",1,3,4,Yes,Travel_Rarely,3,3,1,8,5,4,0,4,2
327,43,Female,Married,3,Marketing,5,Y,16,No,4,1,16064,7744,1034,80,22,1,80,Sales,Manager,4,3,4,Yes,Travel_Rarely,4,3,3,22,17,13,1,9,3
328,33,Female,Married,2,"Life Sciences",7,Y,2,Yes,4,1,2707,21509,465,39,20,0,80,"Research & Development","Laboratory Technician",1,3,1,No,Travel_Rarely,1,1,4,13,9,7,1,7,3
329,52,Male,Single,4,"Life Sciences",1,Y,2,No,3,1,19068,21030,771,79,18,0,80,Sales,Manager,5,2,3,Yes,Non-Travel,1,4,4,33,33,7,15,12,2
330,32,Female,Married,2,"Life Sciences",2,Y,4,No,3,1,3931,20990,1401,56,11,1,80,Sales,"Sales Representative",1,3,2,No,Travel_Rarely,3,1,3,6,4,3,1,2,5
331,32,Male,Single,3,"Life Sciences",0,Y,1,Yes,3,1,3730,9571,515,62,14,0,80,"Research & Development","Laboratory Technician",1,2,3,Yes,Travel_Rarely,4,4,1,4,3,2,1,2,2
332,39,Female,Divorced,4,Medical,7,Y,1,No,3,1,2232,15417,1431,96,14,3,80,"Research & Development","Laboratory Technician",1,3,3,No,Travel_Rarely,3,3,3,7,3,2,1,2,1
333,32,Male,Married,4,Marketing,0,Y,26,No,3,1,4465,12069,976,100,18,0,80,Sales,"Sales Executive",2,3,4,No,Non-Travel,3,1,3,4,3,2,2,2,2
334,41,Male,Divorced,2,"Life Sciences",2,Y,19,No,3,1,3072,19877,1411,36,16,2,80,"Research & Development","Research Scientist",2,3,1,No,Travel_Rarely,3,1,2,17,1,0,0,0,2
335,40,Male,Divorced,2,"Technical Degree",1,Y,24,No,3,1,3319,24447,1300,62,17,2,80,"Research & Development","Research Scientist",2,3,4,No,Travel_Rarely,1,1,3,9,9,8,4,7,3
336,45,Male,Married,3,Other,0,Y,1,No,3,1,19202,15970,252,70,11,1,80,"Research & Development",Manager,5,4,4,No,Travel_Rarely,3,3,3,25,24,0,1,7,2
337,31,Male,Divorced,4,Medical,9,Y,3,No,3,1,13675,13523,1327,73,12,1,80,"Research & Development","Research Director",3,3,3,No,Travel_Frequently,2,1,3,9,2,2,2,2,3
338,33,Female,Married,4,"Life Sciences",1,Y,5,No,3,1,2911,14776,832,63,13,1,80,"Research & Development","Research Scientist",1,2,4,No,Travel_Rarely,3,3,2,2,2,2,0,2,2
339,34,Male,Married,4,"Life Sciences",6,Y,2,No,3,1,5957,23687,470,84,13,1,80,"Research & Development","Manufacturing Director",2,2,1,No,Travel_Rarely,4,2,3,13,11,9,5,9,3
340,37,Female,Married,2,Medical,2,Y,1,No,3,1,3920,18697,1017,83,14,1,80,"Research & Development","Research Scientist",1,2,1,No,Travel_Rarely,3,1,2,17,3,1,0,2,2
341,45,Male,Married,4,"Life Sciences",4,Y,7,No,3,1,6434,5118,1199,77,17,1,80,"Research & Development","Manufacturing Director",2,4,3,No,Travel_Frequently,1,4,3,9,3,2,0,2,1
342,37,Male,Divorced,3,Medical,6,Y,10,Yes,3,1,10048,22573,504,61,11,2,80,"Research & Development","Manufacturing Director",3,3,3,No,Travel_Frequently,1,2,3,17,1,0,0,0,5
343,39,Female,Single,4,"Technical Degree",0,Y,2,No,4,1,10938,6420,505,64,25,0,80,"Research & Development","Healthcare Representative",3,3,3,No,Travel_Frequently,3,4,3,20,19,6,11,8,1
346,29,Male,Single,3,"Life Sciences",1,Y,15,No,3,1,2340,22673,665,60,19,0,80,"Research & Development","Research Scientist",1,3,4,No,Travel_Rarely,3,1,3,6,6,5,1,5,1
347,42,Female,Single,2,"Life Sciences",3,Y,17,No,3,1,6545,23016,916,82,13,0,80,"Research & Development","Research Scientist",2,4,1,Yes,Travel_Rarely,4,3,3,10,3,2,0,2,1
349,29,Male,Divorced,2,Marketing,2,Y,20,No,3,1,6931,10732,1247,45,14,1,80,Sales,"Sales Executive",2,3,4,No,Travel_Rarely,4,4,3,10,3,2,0,2,2
350,25,Female,Married,3,"Life Sciences",0,Y,1,No,3,1,4898,7505,685,62,12,2,80,"Research & Development","Manufacturing Director",2,3,3,No,Travel_Rarely,1,4,3,5,4,2,1,2,3
351,42,Female,Divorced,3,Medical,0,Y,2,No,3,1,2593,8007,269,56,11,1,80,"Research & Development","Laboratory Technician",1,2,1,Yes,Travel_Rarely,4,3,3,10,9,6,7,8,4
352,40,Male,Divorced,2,Medical,0,Y,2,No,3,1,19436,5949,1416,49,19,1,80,"Research & Development","Research Director",5,3,3,No,Travel_Rarely,1,4,3,22,21,7,3,9,5
353,51,Male,Married,3,"Life Sciences",1,Y,1,No,3,1,2723,23231,833,96,11,0,80,"Research & Development","Research Scientist",1,3,4,No,Travel_Rarely,3,2,2,1,1,0,0,0,0
355,31,Male,Single,2,Medical,0,Y,29,Yes,3,1,3479,11652,307,71,11,0,80,"Research & Development","Laboratory Technician",1,2,2,No,Travel_Frequently,3,2,4,6,5,4,1,4,2
359,32,Male,Married,3,"Life Sciences",1,Y,7,No,4,1,2794,26062,1311,100,20,0,80,"Research & Development","Laboratory Technician",1,4,2,No,Travel_Frequently,2,3,1,5,5,1,0,3,3
361,38,Male,Married,2,"Life Sciences",3,Y,2,No,3,1,5249,19682,1327,39,18,1,80,Sales,"Sales Executive",2,2,4,No,Non-Travel,4,4,3,13,8,7,7,5,0
362,32,Male,Single,1,"Technical Degree",4,Y,2,No,3,1,2176,19737,128,84,13,0,80,"Research & Development","Laboratory Technician",2,2,1,No,Travel_Rarely,4,4,3,9,6,2,0,4,5
363,46,Female,Married,3,"Technical Degree",3,Y,2,No,3,1,16872,14977,488,75,12,1,80,Sales,Manager,4,1,2,Yes,Travel_Rarely,3,2,2,28,7,7,7,7,2
364,28,Male,Single,4,"Life Sciences",2,Y,2,Yes,3,1,3485,14935,529,79,11,0,80,"Research & Development","Laboratory Technician",1,3,3,No,Travel_Rarely,1,3,1,5,0,0,0,0,5
366,29,Male,Married,3,Medical,2,Y,2,No,3,1,6644,3687,1210,78,19,2,80,Sales,"Sales Executive",2,2,2,No,Travel_Rarely,1,2,3,10,0,0,0,0,2
367,31,Male,Married,3,Medical,0,Y,23,No,4,1,5582,14408,1463,64,21,1,80,"Research & Development","Healthcare Representative",2,2,4,No,Travel_Rarely,2,2,3,10,9,0,7,8,2
369,25,Male,Divorced,2,"Life Sciences",1,Y,5,No,3,1,4000,18384,675,85,12,2,80,"Research & Development","Healthcare Representative",2,4,1,No,Non-Travel,2,4,3,6,6,3,1,5,2
372,45,Male,Married,2,Medical,0,Y,20,No,3,1,13496,7501,1385,79,14,0,80,"Research & Development","Healthcare Representative",4,3,4,Yes,Travel_Rarely,3,2,3,21,20,7,4,10,2
373,36,Male,Married,3,"Life Sciences",0,Y,6,No,3,1,3210,20251,1403,47,11,1,80,"Research & Development","Laboratory Technician",1,3,4,No,Travel_Rarely,4,3,3,16,15,13,10,11,4
374,55,Male,Single,3,Medical,0,Y,1,No,3,1,19045,18938,452,81,14,0,80,"Research & Development",Manager,5,3,1,Yes,Travel_Rarely,4,3,3,37,36,10,4,13,2
376,47,Male,Married,4,"Life Sciences",1,Y,29,Yes,3,1,11849,10268,666,88,12,1,80,"Research & Development",Manager,3,3,2,Yes,Non-Travel,1,4,2,10,10,7,9,9,2
377,28,Male,Married,3,Medical,1,Y,9,No,4,1,2070,2613,1158,94,23,1,80,"Research & Development","Research Scientist",1,3,4,No,Travel_Rarely,4,4,2,5,5,2,0,4,3
378,37,Male,Married,4,Medical,4,Y,6,No,3,1,6502,22825,228,98,14,1,80,Sales,"Sales Executive",2,3,4,No,Travel_Rarely,3,2,4,7,5,4,0,1,5
379,21,Male,Single,2,Medical,1,Y,3,No,3,1,3230,10531,996,100,17,0,80,"Research & Development","Research Scientist",1,2,3,No,Travel_Rarely,4,1,4,3,3,2,1,0,4
380,37,Female,Divorced,4,Medical,2,Y,1,No,3,1,13603,11677,728,80,18,2,80,"Research & Development","Research Director",3,3,4,Yes,Non-Travel,1,1,3,15,5,2,0,2,2
381,35,Female,Divorced,3,"Life Sciences",7,Y,22,No,3,1,11996,19100,1315,71,18,1,80,"Research & Development",Manager,3,4,2,No,Travel_Rarely,2,2,2,10,7,7,6,2,6
382,38,Female,Divorced,2,Medical,1,Y,7,No,4,1,5605,19191,322,44,24,1,80,Sales,"Sales Executive",2,4,1,Yes,Travel_Rarely,1,3,3,8,8,0,7,7,3
384,26,Female,Divorced,3,"Life Sciences",1,Y,1,No,4,1,6397,26767,1479,84,20,1,80,"Research & Development","Manufacturing Director",2,3,2,No,Travel_Frequently,3,1,1,6,6,5,1,4,6
385,50,Male,Divorced,1,"Life Sciences",3,Y,4,No,3,1,19144,15815,797,96,14,2,80,"Research & Development","Research Director",5,3,2,No,Travel_Rarely,1,1,2,28,10,4,1,6,4
386,53,Male,Married,4,Medical,3,Y,3,No,3,1,17584,21016,1070,45,16,3,80,"Research & Development","Research Director",4,3,3,Yes,Travel_Rarely,3,4,2,21,5,3,1,3,5
387,42,Male,Married,1,"Life Sciences",1,Y,1,No,4,1,4907,24532,635,99,25,0,80,Sales,"Sales Executive",2,3,3,No,Travel_Rarely,2,3,3,20,20,16,11,6,3
388,29,Male,Single,2,"Life Sciences",1,Y,2,No,3,1,4554,20260,442,44,18,0,80,Sales,"Sales Executive",2,3,4,No,Travel_Frequently,2,1,2,10,10,7,0,9,3
389,55,Male,Married,2,"Technical Degree",3,Y,20,No,3,1,5415,15972,147,37,19,1,80,"Research & Development","Laboratory Technician",2,3,4,Yes,Travel_Rarely,2,4,3,12,10,7,0,8,4
390,26,Male,Married,2,Medical,1,Y,11,No,3,1,4741,22722,496,60,13,1,80,"Research & Development","Healthcare Representative",2,3,1,Yes,Travel_Frequently,1,3,3,5,5,3,3,3,3
391,37,Female,Single,3,"Life Sciences",1,Y,1,No,3,1,2115,15881,1372,42,12,0,80,"Research & Development","Research Scientist",1,3,4,No,Travel_Rarely,4,2,3,17,17,12,5,7,3
392,44,Male,Divorced,3,"Life Sciences",3,Y,24,Yes,4,1,3161,19920,920,43,22,1,80,"Research & Development","Laboratory Technician",1,3,3,Yes,Travel_Frequently,4,4,1,19,1,0,0,0,0
393,38,Male,Divorced,4,"Life Sciences",9,Y,23,No,3,1,5745,18899,688,82,14,1,80,"Research & Development","Healthcare Representative",2,3,4,No,Travel_Rarely,4,2,3,10,2,2,1,2,2
394,26,Male,Divorced,4,Medical,2,Y,16,Yes,3,1,2373,14180,1449,45,13,1,80,"Research & Development","Laboratory Technician",1,3,2,Yes,Travel_Rarely,1,4,3,5,3,2,0,2,2
395,28,Female,Single,2,"Life Sciences",1,Y,8,No,4,1,3310,4488,1117,66,21,0,80,"Research & Development","Research Scientist",1,3,4,No,Travel_Rarely,4,4,3,5,5,3,0,2,3
396,49,Female,Single,4,"Life Sciences",9,Y,10,No,3,1,18665,25594,636,35,11,0,80,"Research & Development","Research Director",5,3,1,Yes,Travel_Frequently,3,4,3,22,3,2,1,2,4
397,36,Male,Single,3,"Technical Degree",4,Y,3,No,3,1,4485,26285,506,30,12,0,80,"Research & Development","Research Scientist",2,3,2,No,Travel_Rarely,3,4,3,10,8,0,7,7,2
399,31,Female,Divorced,3,Marketing,1,Y,5,No,3,1,2789,3909,444,84,11,1,80,Sales,"Sales Representative",1,3,2,No,Travel_Frequently,4,3,2,2,2,2,2,2,5
401,26,Male,Single,4,Marketing,1,Y,4,Yes,3,1,5828,8450,950,48,12,0,80,Sales,"Sales Executive",2,2,4,Yes,Travel_Rarely,4,2,3,8,8,7,7,4,0
403,37,Male,Married,3,Medical,1,Y,9,No,3,1,2326,11411,889,53,12,3,80,"Research & Development","Research Scientist",1,3,4,Yes,Travel_Frequently,2,3,2,4,4,2,1,2,3
404,42,Female,Married,3,Marketing,5,Y,26,No,3,1,13525,14864,555,77,14,1,80,Sales,"Sales Executive",4,3,2,No,Travel_Frequently,3,4,4,23,20,4,4,8,2
405,18,Male,Single,3,"Life Sciences",1,Y,3,Yes,3,1,1420,25233,230,54,13,0,80,"Research & Development","Laboratory Technician",1,3,3,No,Travel_Rarely,3,3,3,0,0,0,0,0,2
406,35,Male,Married,3,Marketing,0,Y,16,No,3,1,8020,5100,1232,96,15,2,80,Sales,"Sales Executive",3,3,2,No,Travel_Rarely,3,3,2,12,11,9,6,9,3
407,36,Male,Married,4,"Life Sciences",4,Y,18,No,3,1,3688,7122,566,81,18,2,80,"Research & Development","Laboratory Technician",1,4,4,No,Travel_Frequently,3,4,3,4,1,0,0,0,2
408,51,Male,Divorced,3,Medical,5,Y,2,No,3,1,5482,16321,1302,84,18,1,80,"Research & Development","Manufacturing Director",2,1,2,No,Travel_Rarely,4,4,3,13,4,1,1,2,3
410,41,Male,Single,4,"Life Sciences",1,Y,2,No,3,1,16015,15896,334,88,19,0,80,Sales,Manager,4,3,2,No,Travel_Rarely,4,2,3,22,22,10,0,4,2
411,18,Female,Single,3,Medical,1,Y,10,No,3,1,1200,9724,812,69,12,0,80,Sales,"Sales Representative",1,2,3,No,Travel_Rarely,4,1,3,0,0,0,0,0,2
412,28,Male,Single,2,Medical,0,Y,16,No,3,1,5661,4824,1476,68,19,0,80,"Research & Development","Healthcare Representative",2,4,1,No,Travel_Rarely,2,3,3,9,8,3,0,7,2
416,31,Male,Married,3,"Technical Degree",4,Y,7,No,3,1,6929,12241,218,100,11,1,80,Sales,"Sales Executive",2,4,4,No,Travel_Rarely,2,2,2,10,8,7,7,7,3
417,39,Male,Divorced,3,Medical,0,Y,1,No,3,1,9613,10942,1132,48,17,3,80,"Research & Development","Healthcare Representative",3,4,4,No,Travel_Rarely,3,1,2,19,18,10,3,7,5
419,36,Female,Married,4,"Life Sciences",7,Y,24,No,3,1,5674,6927,1105,47,15,1,80,"Research & Development","Laboratory Technician",2,3,2,No,Non-Travel,2,3,3,11,9,8,0,8,3
420,32,Male,Married,3,"Life Sciences",1,Y,7,No,3,1,5484,16985,906,91,14,1,80,Sales,"Sales Executive",2,2,3,No,Travel_Rarely,4,3,2,13,13,8,4,8,3
421,38,Female,Married,2,"Life Sciences",3,Y,25,No,3,1,12061,26707,849,81,17,1,80,"Research & Development","Research Director",3,2,2,No,Travel_Rarely,1,3,3,19,10,8,0,1,2
422,58,Male,Divorced,4,"Life Sciences",2,Y,1,No,3,1,5660,17056,390,32,13,1,80,"Research & Development","Healthcare Representative",2,1,3,Yes,Non-Travel,4,4,3,12,5,3,1,2,2
423,31,Male,Married,4,"Technical Degree",0,Y,5,No,3,1,4821,10077,691,86,12,1,80,"Research & Development","Research Scientist",1,3,4,Yes,Travel_Rarely,3,3,3,6,5,2,0,3,4
424,31,Male,Married,3,"Human Resources",3,Y,2,No,3,1,6410,17822,106,62,12,0,80,"Human Resources","Human Resources",2,2,1,No,Travel_Rarely,1,4,3,9,2,2,1,0,1
425,45,Male,Divorced,3,"Life Sciences",1,Y,7,No,3,1,5210,20308,1249,97,18,1,80,"Research & Development","Laboratory Technician",3,3,1,No,Travel_Frequently,1,1,3,24,24,9,9,11,2
426,31,Male,Divorced,4,"Life Sciences",0,Y,2,No,3,1,2695,7747,192,32,18,1,80,"Research & Development","Research Scientist",1,3,4,Yes,Travel_Rarely,3,2,1,3,2,2,2,2,2
428,33,Female,Married,4,"Life Sciences",6,Y,5,No,3,1,11878,23364,553,74,11,2,80,"Research & Development",Manager,3,3,2,No,Travel_Frequently,4,2,3,12,10,6,8,8,2
429,39,Male,Married,1,Medical,1,Y,10,No,3,1,17068,5355,117,99,14,0,80,"Research & Development",Manager,4,3,1,Yes,Travel_Rarely,3,4,3,21,21,9,11,10,3
430,43,Female,Single,4,"Life Sciences",0,Y,10,No,3,1,2455,10675,185,33,19,0,80,"Research & Development","Laboratory Technician",1,3,4,No,Travel_Frequently,3,1,3,9,8,7,1,7,5
431,49,Female,Single,2,"Technical Degree",7,Y,1,No,3,1,13964,17810,1091,90,12,0,80,"Research & Development","Healthcare Representative",4,2,3,Yes,Travel_Rarely,3,4,3,25,7,1,0,7,2
433,52,Male,Married,4,Medical,2,Y,8,Yes,3,1,4941,17747,723,85,15,0,80,"Research & Development","Research Scientist",2,2,2,No,Travel_Rarely,3,1,2,11,8,2,7,7,3
434,27,Female,Single,3,"Life Sciences",1,Y,5,No,3,1,2478,20938,1220,85,12,0,80,"Research & Development","Research Scientist",1,3,2,Yes,Travel_Rarely,3,2,2,4,4,3,1,2,2
436,32,Female,Married,2,"Technical Degree",1,Y,8,No,3,1,5228,24624,588,65,11,0,80,Sales,"Sales Executive",2,2,2,Yes,Travel_Rarely,3,4,3,13,13,12,11,9,2
437,27,Male,Single,3,"Life Sciences",1,Y,2,No,3,1,4478,5242,1377,74,11,0,80,Sales,"Sales Executive",2,3,3,Yes,Travel_Rarely,4,1,3,5,5,4,0,4,3
438,31,Male,Divorced,3,Marketing,4,Y,7,No,3,1,7547,7143,691,73,12,3,80,Sales,"Sales Executive",2,3,4,No,Travel_Rarely,4,4,3,13,7,7,1,7,3
439,32,Female,Single,4,Medical,7,Y,2,No,3,1,5055,10557,1018,74,16,0,80,"Research & Development","Research Scientist",2,4,4,No,Travel_Rarely,1,3,2,10,7,7,0,7,0
440,28,Male,Married,4,Medical,5,Y,2,Yes,3,1,3464,24737,1157,84,13,0,80,"Research & Development","Research Scientist",1,1,4,Yes,Travel_Rarely,1,4,2,5,3,2,2,2,4
441,30,Female,Married,2,Medical,1,Y,28,No,3,1,5775,11934,1275,64,13,2,80,"Research & Development","Research Scientist",2,3,4,No,Travel_Rarely,4,4,3,11,10,8,1,9,2
442,31,Female,Married,2,"Life Sciences",1,Y,7,No,4,1,8943,14034,798,48,24,1,80,"Research & Development","Manufacturing Director",3,2,3,No,Travel_Frequently,3,1,3,10,10,9,8,9,2
444,39,Male,Married,2,Medical,1,Y,7,No,3,1,19272,21141,672,54,15,1,80,"Research & Development",Manager,5,2,4,No,Travel_Frequently,3,1,3,21,21,9,13,3,2
445,39,Female,Married,2,Medical,4,Y,3,Yes,3,1,5238,17778,1162,41,18,0,80,Sales,"Sales Executive",2,3,3,Yes,Travel_Rarely,4,1,2,12,1,0,0,0,3
446,33,Male,Single,3,Marketing,3,Y,10,No,3,1,4682,4317,508,46,14,0,80,Sales,"Sales Executive",2,2,4,No,Travel_Frequently,2,3,2,9,7,7,0,1,6
447,47,Male,Married,5,"Life Sciences",4,Y,5,No,3,1,18300,16375,1482,42,11,1,80,"Research & Development","Research Director",5,3,3,No,Travel_Rarely,4,2,3,21,3,2,1,1,2
448,43,Female,Divorced,4,"Life Sciences",1,Y,10,No,3,1,5257,6227,559,82,11,1,80,"Research & Development","Laboratory Technician",2,2,3,No,Travel_Frequently,3,2,4,9,9,7,0,0,3
449,27,Male,Married,1,Marketing,0,Y,1,No,3,1,6349,22107,210,73,13,1,80,Sales,"Sales Executive",2,3,2,Yes,Non-Travel,3,4,3,6,5,4,1,4,0
450,54,Female,Single,4,"Life Sciences",3,Y,20,No,3,1,4869,16885,928,31,12,0,80,"Research & Development","Research Scientist",2,3,3,No,Travel_Frequently,4,4,2,20,4,3,0,3,4
451,43,Female,Married,3,"Life Sciences",8,Y,7,No,3,1,9985,9262,1001,43,16,1,80,"Research & Development","Healthcare Representative",3,3,1,No,Travel_Rarely,3,1,2,10,1,0,0,0,1
452,45,Male,Married,4,Other,9,Y,8,No,3,1,3697,9278,549,75,14,2,80,"Research & Development","Research Scientist",2,3,4,No,Travel_Rarely,4,1,3,12,10,9,9,8,3
453,40,Male,Married,2,Medical,2,Y,1,No,4,1,7457,13273,1124,57,22,3,80,Sales,"Sales Executive",2,1,4,Yes,Travel_Rarely,2,3,2,6,4,3,0,2,2
454,29,Male,Married,4,Other,1,Y,8,Yes,3,1,2119,4759,318,77,11,0,80,"Research & Development","Laboratory Technician",1,1,1,Yes,Travel_Rarely,2,4,2,7,7,7,0,7,4
455,29,Male,Single,5,Other,0,Y,9,No,3,1,3983,7621,738,30,17,0,80,"Research & Development","Laboratory Technician",1,2,4,No,Travel_Rarely,2,3,3,4,3,2,2,2,2
456,30,Female,Divorced,3,Marketing,1,Y,5,No,3,1,6118,5431,570,30,13,3,80,Sales,"Sales Executive",2,2,3,No,Travel_Rarely,4,3,3,10,10,9,1,2,2
458,27,Female,Married,4,Marketing,1,Y,8,No,3,1,6214,3415,1130,56,18,1,80,Sales,"Sales Executive",2,3,2,No,Travel_Rarely,2,1,3,8,8,7,0,7,3
460,37,Male,Divorced,2,Medical,7,Y,5,No,3,1,6347,23177,1192,61,16,2,80,"Research & Development","Manufacturing Director",2,3,4,No,Travel_Rarely,4,3,2,8,6,2,0,4,2
461,38,Male,Divorced,2,"Life Sciences",0,Y,15,No,3,1,11510,15682,343,92,14,1,80,"Research & Development","Research Director",3,2,4,Yes,Travel_Rarely,3,2,3,12,11,10,2,9,3
462,31,Female,Single,4,Medical,1,Y,7,No,3,1,7143,25713,1232,39,14,0,80,"Research & Development","Manufacturing Director",3,3,4,Yes,Travel_Rarely,3,3,2,11,11,9,4,10,2
463,29,Female,Divorced,1,Marketing,1,Y,10,No,3,1,8268,11866,144,39,14,2,80,Sales,"Sales Executive",2,2,2,Yes,Travel_Rarely,4,1,3,7,7,7,1,7,2
464,35,Male,Single,4,"Technical Degree",0,Y,5,No,3,1,8095,18264,1296,62,13,0,80,"Research & Development","Manufacturing Director",3,3,2,No,Travel_Rarely,3,4,3,17,16,6,0,13,5
465,23,Male,Divorced,1,"Life Sciences",1,Y,26,No,3,1,2904,16092,1309,83,12,2,80,"Research & Development","Research Scientist",1,3,4,No,Travel_Rarely,3,3,2,4,4,2,0,2,2
466,41,Male,Single,3,Medical,6,Y,6,No,3,1,6032,10110,483,95,15,0,80,"Research & Development","Manufacturing Director",2,2,2,Yes,Travel_Rarely,4,4,3,8,5,4,1,2,3
467,47,Male,Single,1,Medical,3,Y,4,No,3,1,2976,25751,1309,99,19,0,80,Sales,"Sales Representative",2,3,3,No,Travel_Frequently,2,1,3,5,0,0,0,0,3
468,42,Female,Single,5,"Life Sciences",2,Y,23,No,3,1,15992,15901,810,44,14,0,80,"Research & Development","Research Director",4,3,4,No,Travel_Rarely,1,2,3,16,1,0,0,0,2
469,29,Male,Married,3,"Life Sciences",1,Y,2,No,3,1,4649,16928,746,61,14,1,80,Sales,"Sales Executive",2,3,3,No,Non-Travel,4,1,2,4,4,3,0,2,3
470,42,Male,Divorced,1,"Technical Degree",0,Y,2,No,3,1,2696,24017,544,52,11,1,80,"Human Resources","Human Resources",1,3,3,Yes,Travel_Rarely,3,3,3,4,3,2,1,0,5
471,32,Female,Married,3,Medical,1,Y,2,No,3,1,2370,3956,1062,75,13,1,80,"Research & Development","Laboratory Technician",1,3,2,No,Travel_Rarely,3,3,3,8,8,0,0,7,4
473,48,Female,Married,1,Medical,3,Y,29,No,4,1,12504,23978,530,91,21,1,80,Sales,Manager,3,3,3,No,Travel_Rarely,1,2,1,15,0,0,0,0,3
474,37,Male,Divorced,3,Medical,4,Y,6,No,3,1,5974,17001,1319,51,13,2,80,"Research & Development","Research Scientist",2,4,1,Yes,Travel_Rarely,3,1,3,13,7,7,6,7,2
475,30,Female,Married,2,"Technical Degree",7,Y,25,No,3,1,4736,6069,641,85,12,1,80,Sales,"Sales Executive",2,3,3,Yes,Non-Travel,4,2,4,4,2,2,2,2,2
476,26,Male,Married,3,"Life Sciences",1,Y,1,No,3,1,5296,20156,933,57,17,1,80,Sales,"Sales Executive",2,3,3,No,Travel_Rarely,3,2,3,8,8,7,7,7,3
477,42,Male,Single,4,Other,3,Y,2,No,4,1,6781,17078,1332,98,23,0,80,"Research & Development","Healthcare Representative",2,2,4,No,Travel_Rarely,1,2,3,14,1,0,0,0,6
478,21,Female,Single,1,"Technical Degree",1,Y,1,Yes,3,1,2174,9150,756,99,11,0,80,Sales,"Sales Representative",1,2,2,Yes,Travel_Frequently,1,3,3,3,3,2,1,2,3
479,36,Female,Single,5,Medical,4,Y,1,No,3,1,6653,15276,845,45,15,0,80,Sales,"Sales Executive",2,3,4,No,Non-Travel,4,2,3,7,1,0,0,0,6
481,36,Male,Married,4,Medical,4,Y,3,No,3,1,9699,7246,541,48,11,1,80,Sales,"Sales Executive",3,2,4,No,Travel_Frequently,1,1,3,16,13,9,1,12,2
482,57,Male,Married,4,Medical,2,Y,1,No,3,1,6755,2967,593,88,11,0,80,"Research & Development","Healthcare Representative",2,3,3,No,Travel_Rarely,4,3,3,15,3,2,1,2,2
483,40,Female,Married,4,"Life Sciences",3,Y,10,No,3,1,2213,22495,1171,46,13,1,80,"Research & Development","Laboratory Technician",1,4,3,Yes,Travel_Rarely,4,3,3,10,7,7,1,7,3
484,21,Male,Single,2,Medical,1,Y,9,No,4,1,2610,2851,895,39,24,0,80,Sales,"Sales Representative",1,3,4,No,Non-Travel,1,3,2,3,3,2,2,2,3
485,33,Female,Single,3,Marketing,1,Y,5,Yes,3,1,2851,9150,350,34,13,0,80,Sales,"Sales Representative",1,3,3,Yes,Travel_Rarely,4,2,3,1,1,0,0,0,2
486,37,Female,Married,3,Medical,6,Y,10,No,4,1,3452,17663,921,98,20,1,80,"Research & Development","Laboratory Technician",1,3,1,No,Travel_Rarely,3,2,3,17,5,4,0,3,3
487,46,Female,Married,4,Medical,2,Y,7,No,3,1,5258,16044,1144,30,14,0,80,"Research & Development","Manufacturing Director",2,3,3,No,Non-Travel,3,3,4,7,1,0,0,0,2
488,41,Male,Single,3,Marketing,1,Y,4,Yes,3,1,9355,9558,143,56,18,0,80,Sales,"Sales Executive",2,3,2,No,Travel_Frequently,1,3,3,8,8,7,7,7,5
491,50,Male,Single,3,"Technical Degree",6,Y,10,No,3,1,10496,2755,1046,100,15,0,80,"Research & Development","Healthcare Representative",3,2,4,No,Travel_Rarely,4,4,3,20,4,3,1,3,2
492,40,Male,Married,2,Marketing,2,Y,22,Yes,3,1,6380,6110,575,68,12,2,80,Sales,"Sales Executive",2,2,3,Yes,Travel_Rarely,3,1,3,8,6,4,1,0,6
493,31,Male,Single,4,"Life Sciences",0,Y,9,No,3,1,2657,7551,408,42,16,0,80,"Research & Development","Research Scientist",1,2,2,Yes,Travel_Rarely,3,4,3,3,2,2,2,2,5
494,21,Female,Single,3,"Life Sciences",1,Y,12,Yes,3,1,2716,25422,156,90,15,0,80,Sales,"Sales Representative",1,4,2,No,Travel_Rarely,3,4,3,1,1,0,0,0,0
495,29,Male,Single,3,"Life Sciences",9,Y,23,No,3,1,2201,18168,1283,54,16,0,80,"Research & Development","Research Scientist",1,3,4,No,Travel_Rarely,4,4,3,6,3,2,1,2,4
496,35,Male,Single,4,"Life Sciences",9,Y,9,No,3,1,6540,19394,755,97,19,0,80,"Research & Development","Healthcare Representative",2,2,2,No,Travel_Rarely,3,3,3,10,1,1,0,0,5
497,27,Male,Divorced,2,Medical,1,Y,1,No,3,1,3816,17881,1469,82,11,1,80,"Research & Development","Laboratory Technician",1,3,2,No,Travel_Rarely,4,2,3,5,5,2,0,4,2
498,28,Male,Single,4,"Life Sciences",1,Y,9,No,3,1,5253,20750,304,92,16,0,80,Sales,"Sales Executive",2,3,4,No,Travel_Rarely,2,4,3,7,7,5,0,7,1
499,49,Male,Single,3,Other,8,Y,7,No,4,1,10965,12066,1261,31,24,0,80,"Research & Development","Healthcare Representative",3,2,3,No,Travel_Rarely,2,3,3,26,5,2,0,0,2
500,51,Female,Married,2,"Life Sciences",4,Y,14,No,3,1,4936,14862,1178,87,11,1,80,Sales,"Sales Executive",2,3,4,No,Travel_Rarely,3,3,2,18,7,7,0,7,2
501,36,Female,Married,3,"Life Sciences",4,Y,2,No,3,1,2543,11868,329,96,13,1,80,"Research & Development","Research Scientist",1,3,3,No,Travel_Rarely,4,2,3,6,2,2,2,2,3
502,34,Male,Single,3,Marketing,8,Y,19,Yes,3,1,5304,4652,1362,67,13,0,80,Sales,"Sales Executive",2,4,4,Yes,Non-Travel,1,2,2,9,5,2,0,4,3
505,55,Female,Single,3,"Life Sciences",2,Y,2,No,3,1,16659,23258,1311,97,13,0,80,"Research & Development",Manager,4,3,4,Yes,Travel_Rarely,3,3,3,30,5,4,1,2,2
507,24,Female,Divorced,4,Marketing,1,Y,10,No,3,1,4260,5915,1371,77,12,1,80,Sales,"Sales Executive",2,3,3,Yes,Travel_Rarely,4,4,4,5,5,2,0,3,2
508,30,Male,Married,1,"Technical Degree",1,Y,2,No,3,1,2476,17434,202,72,18,1,80,Sales,"Sales Representative",1,3,2,No,Travel_Rarely,3,1,3,1,1,0,0,0,3
510,26,Male,Single,1,"Technical Degree",0,Y,3,Yes,4,1,3102,6582,575,73,22,0,80,"Research & Development","Research Scientist",1,3,1,No,Travel_Frequently,3,3,3,7,6,4,0,4,2
511,22,Female,Married,3,Medical,1,Y,11,No,3,1,2244,24440,253,43,13,1,80,"Research & Development","Research Scientist",1,3,2,No,Travel_Rarely,1,4,3,2,2,1,1,2,1
513,36,Male,Married,2,Medical,1,Y,2,No,3,1,7596,3809,164,61,13,2,80,Sales,"Sales Executive",3,2,3,No,Travel_Rarely,2,2,3,10,10,9,9,0,2
514,30,Male,Single,3,"Technical Degree",9,Y,4,Yes,4,1,2285,3427,464,40,23,0,80,"Research & Development","Research Scientist",1,3,4,Yes,Travel_Frequently,3,3,3,3,1,0,0,0,4
515,37,Female,Divorced,3,"Life Sciences",1,Y,14,No,3,1,3034,26914,1107,95,12,1,80,"Research & Development","Laboratory Technician",1,3,1,No,Travel_Rarely,4,3,2,18,18,7,12,17,2
516,40,Female,Divorced,2,Marketing,7,Y,2,No,3,1,5715,22553,759,46,12,2,80,Sales,"Sales Executive",2,3,2,No,Travel_Rarely,4,3,3,8,5,4,1,3,5
517,42,Female,Divorced,4,"Life Sciences",3,Y,1,No,3,1,2576,20490,201,95,16,1,80,"Research & Development","Laboratory Technician",1,3,1,No,Travel_Rarely,2,2,3,8,5,2,1,2,5
518,37,Male,Single,4,"Life Sciences",2,Y,10,No,3,1,4197,21123,1305,49,12,0,80,"Research & Development","Manufacturing Director",2,3,2,Yes,Travel_Rarely,3,4,2,18,1,0,0,1,2
520,43,Male,Divorced,3,"Life Sciences",1,Y,12,No,3,1,14336,4345,982,59,11,1,80,"Research & Development","Research Director",4,2,2,No,Travel_Rarely,1,3,3,25,25,10,3,9,3
521,40,Female,Married,3,Medical,6,Y,2,No,4,1,3448,13436,555,78,22,1,80,"Research & Development","Laboratory Technician",2,2,3,No,Travel_Rarely,2,2,3,20,1,0,0,0,3
522,54,Male,Married,2,Medical,4,Y,5,No,3,1,19406,8509,821,86,11,1,80,"Research & Development","Research Director",5,3,1,No,Travel_Rarely,1,3,2,24,4,2,1,2,4
523,34,Female,Married,4,Marketing,9,Y,4,No,3,1,6538,12740,1381,72,15,1,80,Sales,"Sales Executive",2,3,3,No,Non-Travel,3,1,3,6,3,2,1,2,3
524,31,Female,Married,2,Medical,1,Y,7,No,3,1,4306,4156,480,31,12,1,80,"Research & Development","Manufacturing Director",2,3,1,No,Travel_Rarely,2,2,1,13,13,10,3,12,5
525,43,Male,Married,3,Medical,7,Y,21,No,4,1,2258,15238,313,61,20,1,80,"Research & Development","Laboratory Technician",1,3,4,No,Travel_Frequently,4,1,3,8,3,2,1,2,1
526,43,Female,Divorced,4,Other,4,Y,8,No,3,1,4522,2227,1473,74,14,0,80,"Research & Development","Healthcare Representative",2,3,3,Yes,Travel_Rarely,3,4,3,8,5,2,0,2,3
527,25,Female,Single,2,"Life Sciences",1,Y,4,No,3,1,4487,12090,891,99,11,0,80,Sales,"Sales Executive",2,2,4,Yes,Travel_Rarely,2,2,3,5,5,4,1,3,3
529,37,Female,Married,5,Medical,3,Y,25,No,3,1,4449,23866,1063,72,15,2,80,"Research & Development","Research Scientist",2,3,3,Yes,Non-Travel,2,1,3,15,13,11,10,7,2
530,31,Male,Married,2,"Life Sciences",1,Y,1,No,3,1,2218,16193,329,98,12,1,80,"Research & Development","Laboratory Technician",1,2,1,No,Travel_Rarely,4,3,3,4,4,2,3,2,3
531,39,Male,Divorced,1,"Life Sciences",1,Y,1,No,3,1,19197,8213,1218,52,14,1,80,"Research & Development",Manager,5,3,3,Yes,Travel_Frequently,2,3,3,21,21,8,1,6,3
532,56,Female,Married,3,"Life Sciences",9,Y,6,No,3,1,13212,18256,906,86,11,3,80,Sales,"Sales Executive",4,4,1,No,Travel_Frequently,3,4,2,36,7,7,7,7,0
533,30,Female,Single,3,"Technical Degree",0,Y,12,No,3,1,6577,19558,1082,83,11,0,80,Sales,"Sales Executive",2,3,3,No,Travel_Rarely,2,2,3,6,5,4,4,4,6
534,41,Male,Married,3,Marketing,1,Y,1,No,3,1,8392,19566,645,49,16,1,80,Sales,"Sales Executive",3,4,1,No,Travel_Rarely,2,3,3,10,10,7,0,7,2
536,28,Male,Divorced,2,Medical,1,Y,17,No,3,1,4558,13535,1300,79,12,1,80,"Research & Development","Laboratory Technician",2,3,1,No,Travel_Rarely,3,4,3,10,10,0,1,8,2
538,25,Male,Married,3,Medical,5,Y,3,Yes,3,1,4031,9396,688,91,13,1,80,"Research & Development","Laboratory Technician",1,3,1,No,Travel_Rarely,1,3,3,6,2,2,0,2,5
543,52,Male,Married,3,Medical,2,Y,3,No,3,1,7969,19609,319,39,14,0,80,"Research & Development","Manufacturing Director",3,2,3,Yes,Travel_Rarely,4,3,3,28,5,4,0,4,4
544,45,Male,Married,2,"Life Sciences",3,Y,10,No,4,1,2654,9655,192,69,21,2,80,"Research & Development","Research Scientist",1,3,4,No,Travel_Rarely,1,4,2,8,2,2,0,2,3
546,52,Female,Married,2,"Life Sciences",2,Y,4,No,3,1,16555,10310,1490,30,13,0,80,"Research & Development",Manager,4,3,4,No,Travel_Rarely,4,4,1,31,5,2,1,4,2
547,42,Female,Divorced,2,"Life Sciences",2,Y,29,No,3,1,4556,12932,532,92,11,1,80,"Research & Development","Research Scientist",2,3,3,No,Travel_Frequently,1,2,3,19,5,4,0,2,3
548,30,Female,Single,3,"Life Sciences",2,Y,2,No,4,1,6091,24793,317,43,20,0,80,"Research & Development","Manufacturing Director",2,1,4,No,Travel_Rarely,3,3,3,11,5,4,0,2,2
549,60,Female,Married,3,"Life Sciences",5,Y,7,No,3,1,19566,3854,422,41,11,0,80,"Research & Development",Manager,5,3,1,No,Travel_Rarely,1,4,1,33,29,8,11,10,5
550,46,Female,Divorced,3,Medical,2,Y,18,No,3,1,4810,26314,1485,87,14,1,80,"Research & Development","Manufacturing Director",2,3,3,No,Travel_Rarely,3,3,2,19,10,7,0,8,5
551,42,Female,Married,4,"Technical Degree",0,Y,28,No,3,1,4523,4386,1368,88,11,3,80,"Research & Development","Healthcare Representative",2,2,4,No,Travel_Frequently,4,4,4,7,6,5,0,4,4
554,24,Female,Single,1,"Technical Degree",1,Y,1,Yes,3,1,3202,21972,1448,62,16,0,80,Sales,"Sales Representative",1,3,2,Yes,Travel_Rarely,1,2,3,6,5,3,1,4,4
555,34,Female,Divorced,2,Marketing,0,Y,6,Yes,3,1,2351,12253,296,33,16,1,80,Sales,"Sales Representative",1,1,3,No,Travel_Frequently,4,4,2,3,2,2,1,0,3
556,38,Male,Married,2,"Life Sciences",1,Y,2,No,4,1,1702,12106,1490,42,23,1,80,"Research & Development","Laboratory Technician",1,3,4,Yes,Travel_Frequently,4,3,3,1,1,0,0,0,3
558,40,Female,Married,4,"Life Sciences",0,Y,2,No,3,1,18041,13022,1398,79,14,0,80,Sales,Manager,5,3,3,No,Travel_Rarely,3,4,3,21,20,15,1,12,2
560,26,Female,Divorced,3,"Life Sciences",1,Y,23,No,4,1,2886,3032,1349,90,22,2,80,"Research & Development","Research Scientist",1,3,4,No,Travel_Rarely,1,2,1,3,3,2,0,2,3
562,30,Male,Married,3,"Life Sciences",4,Y,3,No,3,1,2097,16734,1400,53,15,1,80,"Research & Development","Laboratory Technician",1,3,4,No,Non-Travel,3,3,1,9,5,3,1,4,3
564,29,Male,Married,4,Medical,1,Y,3,No,3,1,11935,21526,986,93,18,0,80,"Research & Development","Research Director",3,2,3,No,Travel_Rarely,2,3,3,10,10,2,0,7,2
565,29,Female,Married,5,"Technical Degree",5,Y,25,Yes,3,1,2546,18300,408,71,16,0,80,"Research & Development","Research Scientist",1,2,2,No,Travel_Rarely,3,2,4,6,2,2,1,1,2
566,19,Male,Single,2,"Technical Degree",1,Y,2,Yes,3,1,2564,18437,489,52,12,0,80,"Human Resources","Human Resources",1,2,4,No,Travel_Rarely,1,3,4,1,1,0,0,0,3
567,30,Female,Married,4,Other,0,Y,22,No,3,1,8412,2890,1398,69,11,0,80,Sales,"Sales Executive",3,3,1,No,Non-Travel,3,3,3,10,9,8,7,8,3
568,57,Male,Divorced,3,Marketing,3,Y,29,No,3,1,14118,22102,210,56,12,1,80,Sales,Manager,4,2,4,No,Travel_Rarely,1,3,2,32,1,0,0,0,3
569,50,Male,Married,4,"Life Sciences",0,Y,29,No,3,1,17046,9314,1099,88,15,1,80,"Research & Development",Manager,4,2,3,No,Travel_Rarely,2,2,3,28,27,10,15,7,2
571,30,Female,Single,3,Medical,0,Y,2,No,3,1,2564,7181,1116,49,14,0,80,"Research & Development","Laboratory Technician",1,3,4,No,Non-Travel,3,3,2,12,11,7,6,7,2
573,60,Female,Married,3,Marketing,4,Y,28,No,3,1,10266,2845,1499,80,19,0,80,Sales,"Sales Executive",3,2,1,No,Travel_Frequently,3,4,4,22,18,13,13,11,5
574,47,Female,Divorced,2,Medical,5,Y,2,No,3,1,5070,7389,983,65,13,3,80,"Research & Development","Manufacturing Director",2,3,4,No,Travel_Rarely,1,3,3,20,5,0,0,4,2
575,46,Male,Married,3,"Life Sciences",6,Y,2,No,3,1,17861,2288,1009,51,13,0,80,"Research & Development","Research Director",4,3,3,No,Travel_Rarely,1,3,1,26,3,2,0,1,2
577,35,Male,Single,3,"Life Sciences",0,Y,22,No,3,1,4230,19225,144,46,15,0,80,"Research & Development","Laboratory Technician",1,1,3,No,Travel_Rarely,4,3,3,6,5,4,4,3,2
578,54,Female,Single,4,"Life Sciences",7,Y,8,No,3,1,3780,23428,548,42,11,0,80,"Research & Development","Laboratory Technician",2,3,3,No,Travel_Rarely,3,3,3,19,1,0,0,0,3
579,34,Male,Divorced,4,"Life Sciences",3,Y,2,No,3,1,2768,8416,1303,62,12,1,80,"Research & Development","Research Scientist",1,2,3,No,Travel_Rarely,4,3,3,14,7,3,5,7,3
580,46,Female,Married,3,Marketing,2,Y,10,No,3,1,9071,11563,1125,94,19,1,80,Sales,"Sales Executive",3,2,4,Yes,Travel_Rarely,3,3,3,15,3,2,1,2,3
581,31,Male,Divorced,1,"Life Sciences",1,Y,9,No,4,1,10648,14394,1274,33,25,1,80,"Research & Development","Manufacturing Director",3,3,2,No,Travel_Rarely,3,4,4,13,13,8,0,8,6
582,33,Male,Married,1,Medical,7,Y,15,Yes,3,1,13610,24619,1277,56,12,0,80,"Research & Development",Manager,3,3,3,Yes,Travel_Rarely,2,4,4,15,7,6,7,7,2
584,33,Male,Divorced,1,Medical,7,Y,10,Yes,3,1,3408,6705,587,38,13,3,80,"Research & Development","Laboratory Technician",1,1,4,No,Travel_Rarely,1,1,3,8,4,3,1,3,2
585,30,Male,Single,1,Marketing,0,Y,7,No,3,1,2983,18398,413,57,14,0,80,Sales,"Sales Representative",1,3,2,No,Travel_Rarely,4,1,3,4,3,2,1,2,3
586,35,Male,Married,3,"Life Sciences",4,Y,16,No,3,1,7632,14295,1276,72,12,0,80,"Research & Development","Healthcare Representative",3,3,3,Yes,Travel_Rarely,4,3,3,10,8,7,0,0,2
587,31,Male,Married,3,"Life Sciences",3,Y,20,Yes,3,1,9824,22908,534,66,12,0,80,"Research & Development","Healthcare Representative",3,3,3,No,Travel_Frequently,1,1,3,12,1,0,0,0,2
590,34,Female,Divorced,3,"Human Resources",9,Y,23,Yes,3,1,9950,11533,988,43,15,3,80,"Human Resources","Human Resources",3,3,1,Yes,Travel_Frequently,2,3,3,11,3,2,0,2,2
591,42,Male,Married,2,Other,4,Y,5,No,3,1,2093,9260,1474,97,17,1,80,"Research & Development","Laboratory Technician",1,3,3,No,Travel_Frequently,2,4,3,8,2,2,2,0,4
592,36,Male,Single,4,Medical,1,Y,10,No,3,1,9980,15318,635,32,14,0,80,Sales,"Sales Executive",3,3,4,No,Non-Travel,2,4,2,10,10,3,9,7,3
593,22,Male,Single,1,"Technical Degree",5,Y,4,Yes,3,1,3894,9129,1368,99,16,0,80,"Research & Development","Laboratory Technician",1,2,3,No,Travel_Frequently,3,3,3,4,2,2,1,2,3
595,48,Female,Married,5,Marketing,2,Y,2,No,3,1,4051,19658,163,37,14,1,80,Sales,"Sales Executive",2,3,4,No,Travel_Rarely,2,1,3,14,9,7,6,7,2
597,55,Female,Single,5,"Life Sciences",3,Y,18,No,4,1,16835,9873,1117,83,23,0,80,Sales,Manager,4,3,2,No,Travel_Rarely,1,4,3,37,10,9,7,7,2
599,41,Male,Single,2,"Life Sciences",7,Y,10,No,3,1,6230,13430,267,56,14,0,80,Sales,"Sales Executive",2,3,4,No,Non-Travel,4,4,3,16,14,3,1,10,3
600,35,Male,Married,3,Marketing,9,Y,1,No,3,1,4717,18659,619,85,11,0,80,Sales,"Sales Executive",2,3,3,No,Travel_Rarely,2,3,3,15,11,9,6,9,2
601,40,Female,Single,3,"Life Sciences",7,Y,6,No,3,1,13237,20364,302,75,15,0,80,"Research & Development","Manufacturing Director",4,3,3,No,Travel_Rarely,2,3,3,22,20,6,5,13,3
602,39,Female,Married,1,"Life Sciences",1,Y,8,No,3,1,3755,17872,443,48,11,1,80,"Research & Development","Laboratory Technician",1,3,3,No,Travel_Frequently,3,1,3,8,8,3,0,7,3
604,31,Male,Single,1,"Life Sciences",4,Y,2,No,3,1,6582,8346,828,77,13,0,80,Sales,"Sales Executive",2,3,4,Yes,Travel_Rarely,2,3,4,10,6,5,0,5,2
605,42,Male,Married,3,Medical,1,Y,24,No,4,1,7406,6950,319,56,21,1,80,"Research & Development","Manufacturing Director",3,3,1,Yes,Travel_Rarely,4,4,2,10,10,9,5,8,5
606,45,Male,Married,3,Other,0,Y,2,No,3,1,4805,16177,561,61,19,1,80,Sales,"Sales Executive",2,3,2,No,Travel_Rarely,4,2,4,9,8,7,3,7,3
608,26,Female,Divorced,4,"Life Sciences",0,Y,17,Yes,3,1,2741,22808,426,58,11,1,80,"Human Resources","Human Resources",1,3,3,Yes,Travel_Frequently,2,2,2,8,7,7,1,0,2
611,29,Male,Divorced,3,"Technical Degree",4,Y,19,No,3,1,4262,22645,232,34,12,2,80,"Research & Development","Manufacturing Director",2,3,4,No,Travel_Rarely,4,2,4,8,3,2,1,2,2
612,33,Female,Divorced,5,Medical,4,Y,1,No,3,1,16184,22578,922,95,19,1,80,"Research & Development","Research Director",4,4,3,No,Travel_Rarely,1,3,3,10,6,1,0,5,2
613,31,Male,Divorced,3,"Life Sciences",9,Y,7,No,4,1,11557,25291,688,44,21,1,80,Sales,Manager,3,2,4,No,Travel_Rarely,3,3,2,10,5,4,0,1,3
614,18,Male,Single,3,Marketing,1,Y,5,Yes,3,1,1878,8059,1306,69,14,0,80,Sales,"Sales Representative",1,3,2,Yes,Travel_Frequently,2,4,3,0,0,0,0,0,3
615,40,Male,Divorced,3,Other,3,Y,28,No,3,1,10932,11373,1094,58,15,1,80,Sales,"Sales Executive",3,1,1,No,Non-Travel,3,3,3,20,1,0,0,1,2
616,41,Female,Single,4,Other,2,Y,2,No,3,1,6811,2112,509,62,17,0,80,"Research & Development","Healthcare Representative",2,2,3,Yes,Non-Travel,1,1,3,10,8,7,0,7,3
618,26,Male,Divorced,2,Medical,5,Y,29,No,3,1,4306,4267,775,45,12,2,80,Sales,"Sales Executive",2,3,3,No,Travel_Rarely,1,1,3,8,0,0,0,0,5
620,35,Female,Single,3,Medical,1,Y,1,No,3,1,4859,6698,195,80,16,0,80,Sales,"Sales Executive",2,3,3,No,Travel_Rarely,1,4,3,5,5,4,0,3,3
621,34,Male,Single,4,"Life Sciences",1,Y,21,No,3,1,5337,19921,258,74,12,0,80,Sales,"Sales Executive",2,4,4,No,Travel_Rarely,4,4,3,10,10,7,5,7,3
622,26,Male,Single,3,"Technical Degree",1,Y,24,Yes,3,1,2340,23213,471,66,18,0,80,"Research & Development","Laboratory Technician",1,1,4,Yes,Travel_Rarely,3,2,1,1,1,0,0,0,3
623,37,Female,Single,3,"Technical Degree",4,Y,1,No,3,1,7491,23848,799,59,17,0,80,"Research & Development","Manufacturing Director",3,3,4,No,Travel_Rarely,2,4,4,12,6,5,1,2,3
624,46,Female,Married,1,Medical,5,Y,18,No,3,1,10527,8984,1034,86,11,0,80,"Research & Development","Healthcare Representative",3,3,3,No,Travel_Frequently,1,4,2,28,2,2,1,2,3
625,41,Female,Married,5,"Life Sciences",7,Y,2,No,3,1,16595,5626,1276,91,16,1,80,Sales,Manager,4,3,1,No,Travel_Rarely,2,2,3,22,18,16,11,8,2
626,37,Male,Divorced,4,Medical,1,Y,9,No,3,1,8834,24666,142,69,13,1,80,Sales,"Sales Executive",3,3,2,No,Non-Travel,1,4,3,9,9,5,7,7,6
630,52,Male,Divorced,2,"Technical Degree",3,Y,6,No,3,1,5577,22087,956,78,12,2,80,"Research & Development","Research Scientist",2,3,1,Yes,Travel_Rarely,4,2,3,18,10,9,6,9,3
631,32,Male,Married,4,Other,8,Y,11,Yes,3,1,4707,23914,1474,60,12,0,80,Sales,"Sales Executive",2,4,3,No,Non-Travel,4,4,3,6,4,2,1,2,2
632,24,Male,Married,3,Medical,0,Y,24,No,3,1,2400,5530,535,38,13,2,80,Sales,"Sales Representative",1,3,4,No,Travel_Frequently,4,3,3,3,2,2,2,1,3
634,38,Female,Married,3,Medical,3,Y,10,No,3,1,9824,22174,1495,76,19,1,80,"Research & Development","Healthcare Representative",2,3,3,No,Travel_Rarely,3,3,3,18,1,0,0,0,4
635,37,Female,Married,4,"Life Sciences",6,Y,1,No,3,1,6447,15701,446,65,12,1,80,"Research & Development","Manufacturing Director",2,3,2,No,Travel_Rarely,2,2,2,8,6,5,4,3,2
638,49,Male,Divorced,4,"Life Sciences",1,Y,18,No,3,1,19502,2125,1245,58,17,1,80,"Research & Development","Research Director",5,2,3,Yes,Travel_Rarely,4,3,3,31,31,9,0,9,5
639,24,Male,Married,3,Medical,1,Y,23,No,3,1,2725,21630,691,89,11,2,80,"Research & Development","Research Scientist",1,4,4,Yes,Travel_Rarely,2,2,3,6,6,5,1,4,3
641,26,Male,Married,2,Marketing,1,Y,28,No,4,1,6272,7428,703,66,20,2,80,Sales,"Sales Executive",2,3,2,No,Travel_Rarely,1,4,4,6,5,3,1,4,5
643,24,Male,Married,2,Other,1,Y,17,No,4,1,2127,9100,823,94,21,1,80,"Research & Development","Laboratory Technician",1,2,2,No,Travel_Rarely,4,4,3,1,1,0,0,0,2
644,50,Male,Married,3,Medical,1,Y,3,No,3,1,18200,7999,1246,99,11,1,80,"Human Resources",Manager,5,3,2,No,Travel_Frequently,1,3,3,32,32,5,10,7,2
645,25,Male,Married,1,Medical,1,Y,13,No,3,1,2096,26376,622,40,11,0,80,Sales,"Sales Representative",1,3,3,No,Travel_Rarely,2,3,3,7,7,4,0,6,1
647,24,Female,Married,3,"Life Sciences",1,Y,7,Yes,3,1,2886,14168,1287,55,16,1,80,"Research & Development","Laboratory Technician",1,3,3,Yes,Travel_Frequently,1,4,3,6,6,3,1,2,4
648,30,Male,Married,4,"Life Sciences",1,Y,12,Yes,3,1,2033,14470,448,74,18,1,80,Sales,"Sales Representative",1,2,1,No,Travel_Frequently,2,3,4,1,1,0,0,0,2
649,34,Male,Married,2,"Life Sciences",1,Y,1,No,3,1,3622,22794,254,83,13,1,80,"Research & Development","Research Scientist",1,2,4,Yes,Travel_Rarely,2,4,3,6,6,5,1,3,3
650,31,Male,Divorced,4,Medical,2,Y,13,Yes,3,1,4233,11512,1365,46,17,0,80,Sales,"Sales Executive",2,3,1,No,Travel_Rarely,2,3,1,9,3,1,1,2,2
652,35,Male,Single,2,Other,4,Y,25,No,3,1,3681,14004,538,54,14,0,80,"Research & Development","Laboratory Technician",2,2,4,No,Travel_Rarely,1,4,3,9,3,2,0,2,3
653,31,Male,Divorced,4,Medical,4,Y,6,No,4,1,5460,6219,525,66,22,2,80,Sales,"Sales Executive",2,4,4,No,Travel_Rarely,1,4,4,13,7,7,5,7,4
655,27,Female,Divorced,4,Medical,0,Y,6,No,3,1,2187,5013,798,66,12,2,80,"Research & Development","Research Scientist",1,2,3,No,Travel_Rarely,1,3,2,6,5,3,0,3,5
656,37,Male,Married,3,Marketing,4,Y,2,No,3,1,9602,3010,558,75,11,1,80,Sales,"Sales Executive",2,3,3,Yes,Travel_Rarely,4,3,2,17,3,0,1,0,3
657,20,Female,Single,3,"Life Sciences",1,Y,1,No,3,1,2836,11757,959,83,13,0,80,"Research & Development","Research Scientist",1,2,2,No,Travel_Rarely,4,4,4,1,1,0,0,0,0
659,42,Female,Married,4,"Life Sciences",1,Y,2,No,3,1,4089,5718,622,81,13,2,80,"Research & Development","Healthcare Representative",2,3,4,No,Travel_Rarely,3,2,3,10,10,2,2,2,4
661,43,Male,Divorced,4,Other,4,Y,6,No,3,1,16627,2671,782,50,14,1,80,"Research & Development","Research Director",4,2,4,Yes,Travel_Rarely,2,3,2,21,1,0,0,0,3
662,38,Female,Single,1,"Life Sciences",3,Y,1,No,3,1,2619,14561,362,43,17,0,80,"Research & Development","Research Scientist",1,3,1,No,Travel_Rarely,3,4,2,8,0,0,0,0,3
663,43,Male,Divorced,5,Medical,3,Y,9,No,3,1,5679,19627,1001,72,13,1,80,"Research & Development","Laboratory Technician",2,3,3,Yes,Travel_Frequently,4,2,3,10,8,7,4,7,3
664,48,Female,Married,4,"Life Sciences",7,Y,1,No,3,1,15402,17997,1236,40,11,1,80,"Research & Development",Manager,4,2,1,No,Travel_Rarely,4,1,1,21,3,2,0,2,3
665,44,Female,Single,4,"Life Sciences",4,Y,1,No,3,1,5985,26894,1112,50,11,0,80,"Human Resources","Human Resources",2,2,3,No,Travel_Rarely,1,2,4,10,2,2,0,2,1
666,34,Female,Divorced,3,"Technical Degree",1,Y,14,No,3,1,2579,2912,204,31,18,2,80,Sales,"Sales Representative",1,3,3,Yes,Travel_Rarely,3,4,3,8,8,2,0,6,3
667,27,Male,Divorced,1,Marketing,0,Y,2,Yes,3,1,3041,16346,1420,85,11,1,80,Sales,"Sales Representative",1,3,1,No,Travel_Rarely,3,2,3,5,4,3,0,2,3
669,21,Male,Single,1,"Technical Degree",1,Y,22,No,3,1,3447,24444,1343,49,11,0,80,Sales,"Sales Representative",1,3,3,No,Travel_Rarely,3,3,3,3,3,2,1,2,2
671,44,Male,Married,4,Other,4,Y,3,No,3,1,19513,9358,1315,35,12,1,80,"Research & Development",Manager,5,3,4,Yes,Travel_Rarely,4,1,4,26,2,2,0,1,2
675,22,Male,Married,1,Medical,0,Y,6,No,4,1,2773,12145,604,69,20,0,80,"Research & Development","Research Scientist",1,3,3,No,Travel_Rarely,1,4,3,3,2,2,2,2,3
677,33,Male,Divorced,4,Marketing,0,Y,8,No,3,1,7104,20431,1216,39,12,0,80,Sales,"Sales Executive",2,3,3,No,Travel_Rarely,3,4,3,6,5,0,1,2,3
679,32,Female,Married,4,"Life Sciences",1,Y,9,No,3,1,6322,18089,646,92,12,1,80,"Research & Development","Research Scientist",2,3,4,Yes,Travel_Rarely,1,4,2,6,6,4,0,5,2
680,30,Female,Divorced,3,Medical,1,Y,3,No,4,1,2083,22653,160,71,20,1,80,"Research & Development","Research Scientist",1,3,3,No,Travel_Frequently,3,3,3,1,1,0,0,0,2
682,53,Female,Single,1,Medical,7,Y,1,No,4,1,8381,7507,238,34,20,0,80,Sales,"Sales Executive",2,3,1,No,Travel_Rarely,4,4,4,18,14,7,8,10,2
683,34,Male,Married,5,"Life Sciences",1,Y,1,No,3,1,2691,7660,1397,42,12,1,80,"Research & Development","Research Scientist",1,3,4,No,Travel_Rarely,2,4,2,10,10,9,8,8,4
684,45,Female,Married,4,"Life Sciences",2,Y,26,Yes,3,1,4286,5630,306,100,14,2,80,Sales,"Sales Executive",2,3,1,No,Travel_Frequently,1,4,3,5,1,1,0,0,4
686,26,Female,Married,3,"Life Sciences",1,Y,6,No,3,1,2659,17759,991,71,13,1,80,"Research & Development","Laboratory Technician",1,3,4,Yes,Travel_Rarely,3,3,3,3,3,2,0,2,2
689,37,Male,Married,3,Other,1,Y,3,No,3,1,9434,9606,482,36,15,1,80,"Research & Development","Manufacturing Director",3,3,3,No,Travel_Rarely,3,3,3,10,10,7,7,8,2
690,29,Female,Married,2,Medical,1,Y,3,No,3,1,5561,3487,1176,62,14,1,80,Sales,"Sales Executive",2,3,3,No,Travel_Rarely,2,1,2,6,6,0,1,2,5
691,35,Male,Single,4,"Life Sciences",1,Y,6,No,3,1,6646,19368,1017,82,13,0,80,"Research & Development","Research Scientist",2,1,4,No,Travel_Rarely,2,2,3,17,17,11,11,8,3
692,33,Male,Divorced,3,"Life Sciences",3,Y,6,No,4,1,7725,5335,1296,30,23,1,80,"Research & Development","Healthcare Representative",2,3,4,No,Travel_Frequently,3,3,1,15,13,11,4,7,2
698,54,Male,Married,4,Medical,2,Y,19,No,3,1,10725,6729,397,88,15,1,80,"Human Resources","Human Resources",3,3,2,No,Travel_Rarely,3,3,4,16,9,7,7,1,1
699,36,Male,Divorced,2,Medical,2,Y,9,No,3,1,8847,13934,913,48,11,1,80,"Research & Development","Manufacturing Director",2,2,2,Yes,Travel_Rarely,2,3,3,13,3,2,0,2,2
700,27,Male,Single,4,Medical,0,Y,3,No,3,1,2045,15174,1115,54,13,0,80,"Research & Development","Research Scientist",1,2,4,No,Travel_Rarely,1,4,3,5,4,2,1,1,0
701,20,Male,Single,1,Medical,1,Y,10,Yes,3,1,1009,26999,1362,32,11,0,80,"Research & Development","Research Scientist",1,3,3,Yes,Travel_Rarely,4,4,3,1,1,0,1,1,5
702,33,Male,Single,3,"Life Sciences",1,Y,3,Yes,3,1,3348,3164,1076,70,11,0,80,"Research & Development","Research Scientist",1,3,1,Yes,Travel_Frequently,1,1,3,10,10,8,9,7,3
704,35,Male,Married,3,"Life Sciences",1,Y,3,No,3,1,1281,16900,727,41,18,2,80,"Research & Development","Laboratory Technician",1,2,3,No,Non-Travel,3,3,3,1,1,0,0,0,3
705,23,Male,Married,3,Medical,2,Y,4,No,3,1,2819,8544,885,58,16,1,80,"Research & Development","Research Scientist",1,4,1,No,Travel_Rarely,1,1,4,5,3,2,0,2,3
707,25,Male,Married,3,"Life Sciences",0,Y,8,No,4,1,4851,15678,810,57,22,1,80,Sales,"Sales Executive",2,4,2,No,Travel_Rarely,4,3,3,4,3,2,1,2,4
709,38,Female,Single,4,Marketing,0,Y,7,No,4,1,4028,7791,243,46,20,0,80,Sales,"Sales Executive",2,2,4,No,Travel_Rarely,4,1,3,8,7,7,0,5,2
710,29,Male,Divorced,4,"Life Sciences",1,Y,1,No,3,1,2720,18959,806,76,18,1,80,"Research & Development","Research Scientist",1,1,4,No,Travel_Frequently,2,4,3,10,10,7,2,8,5
712,48,Male,Married,1,Marketing,3,Y,2,No,3,1,8120,18597,817,56,12,0,80,Sales,"Sales Executive",2,4,2,No,Travel_Rarely,2,4,3,12,2,2,2,2,3
714,27,Female,Divorced,1,Medical,1,Y,3,No,4,1,4647,16673,1410,71,20,2,80,Sales,"Sales Executive",2,4,4,Yes,Travel_Frequently,4,2,3,6,6,5,0,4,3
715,37,Male,Single,2,"Life Sciences",3,Y,10,No,3,1,4680,15232,1225,80,17,0,80,"Research & Development","Research Scientist",1,4,4,No,Travel_Rarely,4,1,3,4,1,0,0,0,2
716,50,Male,Married,1,Medical,1,Y,28,No,3,1,3221,3297,1207,74,11,3,80,"Research & Development","Laboratory Technician",1,4,3,Yes,Travel_Rarely,4,3,3,20,20,8,3,8,3
717,34,Female,Single,3,Medical,1,Y,9,No,3,1,8621,17654,1442,46,14,0,80,"Research & Development","Healthcare Representative",3,2,2,No,Travel_Rarely,4,2,4,9,8,7,7,7,3
720,24,Female,Single,2,"Life Sciences",9,Y,3,Yes,3,1,4577,24785,693,65,14,0,80,Sales,"Sales Executive",2,3,3,No,Travel_Rarely,1,1,3,4,2,2,2,0,3
721,39,Female,Single,4,"Technical Degree",1,Y,2,No,3,1,4553,20978,408,80,11,0,80,"Research & Development","Healthcare Representative",2,2,3,No,Travel_Rarely,4,1,3,20,20,7,11,10,4
722,32,Male,Single,3,Marketing,1,Y,10,No,3,1,5396,21703,929,55,12,0,80,Sales,"Sales Executive",2,3,4,No,Travel_Rarely,4,4,2,10,10,7,0,8,2
723,50,Male,Married,2,"Technical Degree",3,Y,8,Yes,3,1,6796,23452,562,50,14,1,80,Sales,"Sales Executive",2,3,3,Yes,Travel_Frequently,2,1,3,18,4,3,1,3,4
724,38,Female,Single,4,"Life Sciences",0,Y,1,No,3,1,7625,19383,827,33,13,0,80,"Research & Development","Healthcare Representative",2,4,4,No,Travel_Rarely,2,3,2,10,9,7,1,8,4
725,27,Female,Married,2,"Life Sciences",1,Y,1,No,3,1,7412,6009,608,68,11,0,80,"Research & Development","Manufacturing Director",3,3,1,No,Travel_Rarely,3,4,3,9,9,7,0,7,3
727,32,Female,Single,2,"Life Sciences",3,Y,3,No,3,1,11159,19373,1018,39,15,0,80,"Research & Development","Research Director",3,3,4,No,Travel_Rarely,3,4,3,10,7,7,7,7,6
728,47,Male,Single,4,Marketing,2,Y,14,No,3,1,4960,11825,703,42,12,0,80,Sales,"Sales Executive",2,3,1,No,Travel_Rarely,4,4,3,20,7,7,1,7,2
729,40,Male,Married,4,"Life Sciences",5,Y,5,No,4,1,10475,23772,580,48,21,1,80,Sales,"Sales Executive",3,2,1,Yes,Travel_Frequently,4,3,3,20,18,13,1,12,2
730,53,Male,Married,3,"Life Sciences",3,Y,7,No,3,1,14814,13514,970,59,19,0,80,"Research & Development","Research Director",4,4,3,No,Travel_Rarely,3,3,3,32,5,1,1,3,3
731,41,Male,Divorced,4,"Human Resources",3,Y,10,No,3,1,19141,8861,427,73,15,3,80,"Human Resources",Manager,5,2,4,No,Travel_Rarely,2,2,2,23,21,6,12,6,2
732,60,Male,Single,4,Marketing,8,Y,16,No,3,1,5405,11924,1179,84,14,0,80,Sales,"Sales Executive",2,3,1,No,Travel_Rarely,1,4,3,10,2,2,2,2,1
733,27,Male,Divorced,2,"Life Sciences",1,Y,10,No,4,1,8793,4809,294,32,21,2,80,"Research & Development","Manufacturing Director",3,3,1,No,Travel_Frequently,4,3,2,9,9,7,1,7,4
734,41,Male,Married,3,"Human Resources",1,Y,1,No,3,1,19189,19562,314,59,12,1,80,"Human Resources",Manager,5,2,3,No,Travel_Rarely,4,2,3,22,22,7,2,10,3
738,50,Male,Married,4,Marketing,7,Y,8,No,3,1,3875,9983,316,54,15,1,80,Sales,"Sales Representative",1,3,2,No,Travel_Rarely,4,4,3,4,2,2,2,2,2
741,28,Female,Single,2,"Life Sciences",7,Y,1,Yes,3,1,2216,3872,654,67,13,0,80,"Research & Development","Research Scientist",1,1,2,Yes,Travel_Rarely,1,4,3,10,7,7,3,7,4
742,36,Female,Married,3,"Life Sciences",9,Y,8,No,3,1,11713,20335,427,63,14,1,80,"Research & Development","Research Director",3,4,1,No,Non-Travel,1,1,3,10,8,7,0,5,2
743,38,Female,Single,3,"Life Sciences",4,Y,1,No,3,1,7861,15397,168,81,14,0,80,"Research & Development","Manufacturing Director",3,3,3,Yes,Travel_Rarely,3,4,4,10,1,0,0,0,4
744,44,Male,Single,3,Medical,2,Y,24,No,3,1,3708,2104,381,49,14,0,80,"Research & Development","Laboratory Technician",1,1,3,No,Non-Travel,1,3,3,9,5,2,1,4,5
746,47,Female,Divorced,3,Medical,9,Y,3,No,3,1,13770,10225,217,49,12,2,80,Sales,"Sales Executive",4,3,3,Yes,Travel_Frequently,4,4,2,28,22,2,11,13,2
747,30,Male,Divorced,5,Marketing,7,Y,27,No,4,1,5304,25275,501,99,23,1,80,Sales,"Sales Executive",2,3,4,No,Travel_Rarely,3,4,2,10,8,7,7,7,2
749,29,Male,Single,3,"Life Sciences",1,Y,10,No,3,1,2642,2755,1396,99,11,0,80,Sales,"Sales Representative",1,3,3,No,Travel_Rarely,3,3,3,1,1,0,0,0,6
752,42,Male,Divorced,3,Medical,6,Y,19,Yes,3,1,2759,20366,933,57,12,0,80,"Research & Development","Research Scientist",1,4,3,Yes,Travel_Frequently,3,4,3,7,2,2,2,2,2
754,43,Male,Married,3,"Life Sciences",3,Y,15,No,3,1,6804,23683,775,47,18,1,80,Sales,"Sales Executive",2,2,4,No,Travel_Frequently,4,3,3,7,2,2,2,2,5
757,34,Female,Single,2,Medical,3,Y,8,No,3,1,6142,7360,970,96,11,0,80,"Research & Development","Healthcare Representative",2,3,3,No,Travel_Rarely,2,4,3,10,5,1,4,3,2
758,23,Male,Married,1,Medical,1,Y,9,No,3,1,2500,4344,650,37,14,1,80,"Research & Development","Laboratory Technician",1,3,1,No,Travel_Rarely,2,4,4,5,4,3,0,2,2
760,39,Female,Married,3,"Human Resources",9,Y,3,No,3,1,6389,18767,141,44,15,1,80,"Human Resources","Human Resources",2,4,2,No,Travel_Rarely,3,3,1,12,8,3,3,6,3
762,56,Male,Married,3,Medical,7,Y,9,No,3,1,11103,20420,832,81,11,0,80,"Research & Development","Healthcare Representative",4,3,4,No,Travel_Rarely,3,3,2,30,10,7,1,1,1
763,40,Female,Single,1,Medical,0,Y,2,No,4,1,2342,22929,804,86,20,0,80,"Research & Development","Research Scientist",1,2,4,Yes,Travel_Rarely,4,4,2,5,4,2,2,3,2
764,27,Female,Single,3,Medical,8,Y,7,No,3,1,6811,23398,975,55,19,0,80,"Research & Development","Healthcare Representative",2,2,1,No,Travel_Rarely,4,1,1,9,7,6,0,7,2
766,29,Male,Divorced,3,Marketing,1,Y,10,No,3,1,2297,17967,1090,83,14,2,80,Sales,"Sales Representative",1,3,2,No,Travel_Rarely,4,4,3,2,2,2,2,2,2
769,53,Male,Single,3,"Life Sciences",2,Y,6,No,3,1,2450,10919,346,86,17,0,80,"Research & Development","Laboratory Technician",2,3,4,No,Travel_Rarely,4,4,3,19,2,2,2,2,4
771,35,Female,Divorced,4,"Life Sciences",2,Y,2,No,3,1,5093,4761,1225,61,11,1,80,"Research & Development","Healthcare Representative",2,3,1,No,Non-Travel,4,1,4,16,1,0,0,0,2
772,32,Male,Married,4,"Life Sciences",1,Y,24,No,3,1,5309,21146,430,80,15,2,80,"Research & Development","Laboratory Technician",2,3,4,No,Travel_Frequently,1,4,3,10,10,8,4,7,2
773,38,Male,Married,5,Medical,6,Y,2,No,3,1,3057,20471,268,92,13,1,80,"Research & Development","Research Scientist",1,3,3,Yes,Travel_Rarely,4,2,1,6,1,0,0,1,0
775,34,Female,Divorced,5,"Life Sciences",3,Y,8,No,3,1,5121,4187,167,32,14,1,80,"Research & Development","Manufacturing Director",2,3,1,No,Travel_Rarely,2,3,3,7,0,0,0,0,3
776,52,Male,Married,4,Marketing,1,Y,3,No,3,1,16856,10084,621,31,11,0,80,Sales,Manager,4,2,1,No,Travel_Rarely,3,1,4,34,34,6,1,16,3
780,33,Male,Single,4,Other,1,Y,1,Yes,3,1,2686,5207,527,63,13,0,80,"Research & Development","Research Scientist",1,3,4,Yes,Travel_Rarely,4,3,2,10,10,9,7,8,2
781,25,Female,Single,1,Medical,1,Y,26,No,4,1,6180,22807,883,32,23,0,80,Sales,"Sales Executive",2,3,4,No,Travel_Rarely,3,2,2,6,6,5,1,4,5
783,45,Male,Single,2,"Technical Degree",0,Y,2,No,3,1,6632,12388,954,46,13,0,80,Sales,"Sales Representative",2,1,3,No,Travel_Rarely,2,1,3,9,8,7,3,1,3
784,23,Male,Single,1,Medical,1,Y,10,No,3,1,3505,19630,310,79,18,0,80,"Research & Development","Research Scientist",1,4,3,No,Travel_Rarely,1,4,3,2,2,2,0,2,3
785,47,Female,Single,2,"Life Sciences",4,Y,27,Yes,3,1,6397,10339,719,77,12,0,80,Sales,"Sales Executive",2,4,3,Yes,Travel_Frequently,2,4,3,8,5,4,1,3,2
786,34,Male,Single,3,Other,1,Y,2,No,4,1,6274,18686,304,60,22,0,80,Sales,"Sales Executive",2,3,4,No,Travel_Rarely,4,3,3,6,6,5,1,4,5
787,55,Male,Married,3,Medical,5,Y,2,Yes,3,1,19859,21199,725,78,13,1,80,"Research & Development",Manager,5,3,1,Yes,Travel_Rarely,4,4,3,24,5,2,1,4,2
789,36,Male,Single,4,"Life Sciences",1,Y,8,No,3,1,7587,14229,1434,76,15,0,80,Sales,"Sales Executive",3,2,1,No,Non-Travel,1,2,3,10,10,7,0,9,1
791,52,Male,Married,4,Medical,0,Y,19,No,3,1,4258,26589,715,41,18,1,80,"Research & Development","Research Scientist",1,3,4,No,Non-Travel,4,1,3,5,4,3,1,2,3
792,26,Female,Divorced,2,"Life Sciences",3,Y,1,No,3,1,4364,5288,575,71,14,1,80,"Research & Development","Laboratory Technician",1,1,4,No,Travel_Frequently,1,1,3,5,2,2,2,0,2
793,29,Female,Married,3,Medical,4,Y,27,No,3,1,4335,25549,657,66,12,1,80,"Research & Development","Healthcare Representative",2,3,3,No,Travel_Rarely,2,1,2,11,8,7,1,1,3
796,26,Male,Single,3,"Technical Degree",6,Y,8,Yes,3,1,5326,3064,1146,38,17,0,80,Sales,"Sales Executive",2,2,1,No,Travel_Rarely,4,3,2,6,4,3,1,2,2
797,34,Female,Single,4,"Life Sciences",2,Y,1,No,3,1,3280,13551,182,72,16,0,80,"Research & Development","Research Scientist",1,4,4,No,Travel_Rarely,2,3,3,10,4,2,1,3,2
799,54,Female,Divorced,4,Medical,9,Y,19,No,3,1,5485,22670,376,95,11,2,80,"Research & Development","Manufacturing Director",2,3,1,Yes,Travel_Rarely,4,2,3,9,5,3,1,4,4
800,27,Male,Married,1,Marketing,0,Y,8,No,3,1,4342,24008,829,84,19,1,80,Sales,"Sales Executive",2,3,4,No,Travel_Frequently,3,2,3,5,4,2,1,1,3
802,37,Female,Divorced,1,"Life Sciences",0,Y,10,No,3,1,2782,19905,571,82,13,2,80,"Research & Development","Research Scientist",1,3,1,Yes,Travel_Rarely,4,2,2,6,5,3,4,3,3
803,38,Female,Single,4,"Life Sciences",6,Y,2,No,3,1,5980,26085,240,75,12,0,80,"Research & Development","Manufacturing Director",2,4,1,Yes,Travel_Frequently,1,4,3,17,15,7,4,12,2
804,34,Female,Single,4,Medical,1,Y,2,No,3,1,4381,7530,121,86,11,0,80,"Research & Development","Research Scientist",1,2,1,No,Travel_Rarely,3,3,3,6,6,5,1,3,3
805,35,Female,Married,4,"Life Sciences",1,Y,8,No,3,1,2572,20317,384,72,16,1,80,Sales,"Sales Representative",1,3,4,No,Travel_Rarely,1,2,2,3,3,2,0,2,1
806,30,Male,Married,3,"Life Sciences",3,Y,1,No,4,1,3833,24375,921,38,21,2,80,"Research & Development","Laboratory Technician",1,1,3,No,Travel_Rarely,4,3,3,7,2,2,0,2,2
807,40,Female,Married,2,Medical,1,Y,2,No,4,1,4244,9931,791,38,24,1,80,"Research & Development","Healthcare Representative",2,4,2,No,Travel_Frequently,3,4,3,8,8,7,3,7,2
808,34,Female,Married,2,"Life Sciences",5,Y,8,No,3,1,6500,13305,1111,93,17,1,80,Sales,"Sales Executive",2,3,1,No,Travel_Rarely,3,2,3,6,3,2,1,2,1
809,42,Male,Divorced,3,"Life Sciences",1,Y,8,No,3,1,18430,16225,570,66,13,1,80,"Research & Development",Manager,5,3,4,No,Travel_Frequently,2,2,2,24,24,7,14,9,4
811,23,Male,Married,3,"Life Sciences",1,Y,6,Yes,4,1,1601,3445,1243,63,21,2,80,"Research & Development","Laboratory Technician",1,4,1,Yes,Travel_Rarely,3,3,3,1,0,0,0,0,2
812,24,Male,Divorced,3,"Life Sciences",1,Y,9,No,3,1,2694,26551,1092,60,11,3,80,"Research & Development","Laboratory Technician",1,2,2,No,Non-Travel,3,3,3,1,1,0,0,0,4
813,52,Female,Married,4,"Life Sciences",8,Y,11,No,4,1,3149,21821,1325,82,20,1,80,"Research & Development","Laboratory Technician",2,3,3,No,Travel_Rarely,4,2,3,9,5,2,1,4,3
815,50,Male,Married,3,Medical,5,Y,2,No,3,1,17639,6881,691,64,16,0,80,"Research & Development","Research Director",4,3,3,No,Travel_Rarely,3,4,3,30,4,3,0,3,3
816,29,Female,Married,2,"Life Sciences",1,Y,1,Yes,3,1,2319,6689,805,36,11,1,80,"Research & Development","Laboratory Technician",1,2,1,Yes,Travel_Rarely,2,4,3,1,1,0,0,0,1
817,33,Male,Married,3,Medical,0,Y,7,No,3,1,11691,25995,213,49,11,0,80,"Research & Development","Research Director",3,3,3,No,Travel_Rarely,3,4,4,14,13,9,3,7,3
819,33,Female,Single,3,Marketing,5,Y,16,Yes,3,1,5324,26507,118,69,15,0,80,Sales,"Sales Executive",2,3,1,No,Travel_Rarely,1,3,3,6,3,2,0,2,3
820,47,Female,Married,2,Other,1,Y,2,No,3,1,16752,12982,202,33,11,1,80,"Research & Development",Manager,4,3,4,Yes,Travel_Rarely,3,3,2,26,26,14,3,0,3
823,36,Female,Married,3,Other,0,Y,1,No,3,1,5228,23361,676,35,15,1,80,"Research & Development","Manufacturing Director",2,3,2,No,Travel_Rarely,3,1,3,10,9,7,0,5,2
824,29,Male,Married,2,"Life Sciences",1,Y,23,No,4,1,2700,23779,1252,81,24,1,80,"Research & Development","Research Scientist",1,4,3,No,Travel_Rarely,3,3,3,10,10,7,0,7,3
825,58,Male,Single,4,"Life Sciences",7,Y,2,Yes,3,1,19246,25761,286,31,12,0,80,"Research & Development","Research Director",5,3,2,Yes,Travel_Rarely,4,4,3,40,31,15,13,8,2
826,35,Female,Single,4,"Life Sciences",3,Y,1,No,3,1,2506,13301,1258,40,13,0,80,"Research & Development","Research Scientist",1,4,3,No,Travel_Rarely,4,3,3,7,2,2,2,2,0
827,42,Female,Married,2,"Life Sciences",9,Y,1,No,3,1,6062,4051,932,43,13,1,80,"Research & Development","Manufacturing Director",2,2,4,Yes,Travel_Rarely,4,4,3,8,4,3,0,2,4
828,28,Male,Single,4,Medical,6,Y,2,Yes,3,1,4382,16374,890,46,17,0,80,"Research & Development","Research Scientist",1,3,3,No,Travel_Rarely,3,4,2,5,2,2,2,1,3
829,36,Male,Married,3,"Human Resources",4,Y,13,No,3,1,2143,25527,1041,36,13,1,80,"Human Resources","Human Resources",1,3,2,No,Travel_Rarely,3,2,3,8,5,2,0,4,2
830,32,Female,Married,3,"Life Sciences",1,Y,4,No,3,1,6162,19124,859,98,12,1,80,"Research & Development","Manufacturing Director",2,2,3,No,Travel_Rarely,3,3,3,14,14,13,6,8,3
832,40,Male,Single,4,Medical,6,Y,16,No,3,1,5094,11983,720,51,14,0,80,"Research & Development","Laboratory Technician",2,2,3,No,Travel_Frequently,1,4,3,10,1,0,0,0,6
833,30,Female,Single,3,Medical,5,Y,2,No,4,1,6877,20234,946,52,24,0,80,"Research & Development","Manufacturing Director",2,2,4,Yes,Travel_Rarely,3,2,2,12,0,0,0,0,4
834,45,Female,Single,3,"Life Sciences",1,Y,2,No,3,1,2274,6153,252,95,14,0,80,"Research & Development","Research Scientist",1,2,3,No,Travel_Rarely,2,4,3,1,1,0,0,0,3
836,42,Male,Married,3,"Life Sciences",1,Y,29,No,3,1,4434,11806,933,98,13,1,80,"Research & Development","Manufacturing Director",2,3,2,No,Travel_Rarely,2,4,2,10,9,8,7,8,3
837,38,Male,Divorced,3,"Life Sciences",2,Y,12,No,3,1,6288,4284,471,45,15,1,80,"Research & Development","Healthcare Representative",2,2,1,No,Travel_Frequently,1,3,2,13,4,3,1,2,3
838,34,Female,Single,4,"Life Sciences",1,Y,16,No,3,1,2553,8306,702,100,16,0,80,"Research & Development","Research Scientist",1,2,4,No,Travel_Frequently,3,3,3,6,5,2,1,3,3
840,49,Female,Married,3,Marketing,1,Y,11,Yes,3,1,7654,5860,1184,43,18,2,80,Sales,"Sales Executive",3,3,4,No,Travel_Rarely,3,1,4,9,9,8,7,7,3
842,55,Male,Single,1,Medical,4,Y,2,Yes,3,1,5160,21519,436,37,16,0,80,Sales,"Sales Executive",2,3,4,No,Travel_Rarely,3,3,2,12,9,7,7,3,3
843,43,Male,Married,2,"Life Sciences",6,Y,14,No,4,1,17159,5200,589,94,24,1,80,"Research & Development","Research Director",4,3,1,No,Travel_Rarely,2,3,3,22,4,1,1,0,3
844,27,Male,Divorced,1,"Technical Degree",1,Y,5,No,3,1,12808,8842,269,42,16,1,80,"Research & Development","Research Director",3,2,4,Yes,Travel_Rarely,3,2,3,9,9,8,0,8,3
845,35,Male,Single,3,Other,3,Y,7,No,4,1,10221,18869,950,59,21,0,80,"Research & Development","Manufacturing Director",3,3,3,No,Travel_Rarely,3,2,4,17,8,5,1,6,3
846,28,Female,Married,4,Marketing,1,Y,2,No,4,1,4779,3698,760,81,20,0,80,Sales,"Sales Executive",2,3,2,Yes,Travel_Rarely,2,1,3,8,8,7,7,5,2
847,34,Male,Married,2,"Human Resources",0,Y,3,No,3,1,3737,2243,829,88,19,1,80,"Human Resources","Human Resources",1,3,4,No,Travel_Rarely,3,3,1,4,3,2,0,2,1
848,26,Female,Married,2,Medical,1,Y,5,Yes,3,1,2366,20898,887,88,14,1,80,"Research & Development","Research Scientist",1,2,3,Yes,Travel_Frequently,3,1,3,8,8,7,1,7,2
850,27,Male,Married,3,Medical,1,Y,3,No,3,1,1706,16571,443,50,11,3,80,"Research & Development","Research Scientist",1,3,4,No,Non-Travel,4,3,2,0,0,0,0,0,6
851,51,Female,Married,4,Marketing,2,Y,26,No,3,1,16307,5594,1318,66,14,1,80,Sales,Manager,4,3,3,No,Travel_Rarely,1,3,2,29,20,6,4,17,2
852,44,Male,Single,3,Medical,9,Y,4,No,3,1,5933,5197,625,50,12,0,80,"Research & Development","Healthcare Representative",2,3,2,No,Travel_Rarely,4,4,2,10,5,2,2,3,2
854,25,Male,Single,1,Medical,7,Y,2,No,3,1,3424,21632,180,65,13,0,80,"Research & Development","Research Scientist",1,4,1,No,Travel_Rarely,1,3,2,6,4,3,0,1,3
855,33,Male,Divorced,3,Medical,1,Y,1,No,4,1,4037,21816,586,48,22,1,80,Sales,"Sales Executive",2,4,1,No,Travel_Rarely,1,1,3,9,9,8,0,8,5
856,35,Female,Single,1,Medical,1,Y,27,No,3,1,2559,17852,1343,53,11,0,80,"Research & Development","Research Scientist",1,2,1,No,Travel_Rarely,3,4,2,6,6,5,1,1,3
857,36,Male,Married,2,"Life Sciences",1,Y,1,No,3,1,6201,2823,928,56,14,1,80,Sales,"Sales Executive",2,3,4,Yes,Travel_Rarely,2,4,2,18,18,14,4,11,1
859,32,Male,Divorced,4,"Life Sciences",2,Y,13,No,3,1,4403,9250,117,73,11,1,80,Sales,"Sales Executive",2,3,4,No,Travel_Rarely,2,3,2,8,5,2,0,3,3
861,30,Male,Divorced,4,"Life Sciences",9,Y,5,No,3,1,3761,2373,1012,75,12,1,80,"Research & Development","Research Scientist",1,2,4,No,Travel_Frequently,2,2,2,10,5,4,0,3,3
862,53,Female,Married,2,Marketing,7,Y,7,No,3,1,10934,20715,661,78,18,1,80,Sales,"Sales Executive",3,2,4,Yes,Travel_Rarely,1,4,3,35,5,2,0,4,3
864,45,Male,Divorced,3,Marketing,4,Y,9,No,3,1,10761,19239,930,74,12,1,80,Sales,"Sales Executive",3,3,1,Yes,Travel_Rarely,4,3,3,18,5,4,0,2,2
865,32,Female,Married,2,Medical,5,Y,8,No,3,1,5175,22162,638,91,12,1,80,"Research & Development","Research Scientist",2,4,3,No,Travel_Rarely,3,3,2,9,5,3,1,3,3
867,52,Female,Married,4,Medical,3,Y,25,No,4,1,13826,19028,890,81,22,0,80,"Research & Development","Manufacturing Director",4,2,4,No,Travel_Frequently,3,3,3,31,9,8,0,0,3
868,37,Male,Divorced,4,Marketing,4,Y,16,No,3,1,6334,24558,342,66,19,2,80,Sales,"Sales Executive",2,2,3,No,Travel_Rarely,4,4,3,9,1,0,0,0,2
869,28,Male,Divorced,2,Medical,1,Y,8,No,3,1,4936,23965,1169,63,13,1,80,"Human Resources","Human Resources",1,2,4,No,Travel_Rarely,2,4,3,6,5,1,0,4,6
872,22,Male,Married,2,"Life Sciences",6,Y,1,No,4,1,4775,19146,1230,33,22,2,80,"Research & Development","Manufacturing Director",2,2,4,No,Travel_Rarely,4,1,1,4,2,2,2,2,2
874,44,Male,Married,4,"Life Sciences",2,Y,8,No,4,1,2818,5044,986,62,24,1,80,"Research & Development","Laboratory Technician",1,4,4,Yes,Travel_Rarely,1,3,2,10,3,2,0,2,2
875,42,Male,Single,1,Medical,5,Y,2,No,3,1,2515,9068,1271,35,14,0,80,"Research & Development","Research Scientist",1,3,4,Yes,Travel_Frequently,2,4,3,8,2,1,2,2,2
878,36,Male,Married,3,"Life Sciences",0,Y,8,No,4,1,2342,8635,1278,77,21,0,80,"Human Resources","Human Resources",1,2,1,No,Travel_Rarely,1,3,3,6,5,4,0,3,3
879,25,Male,Married,1,Other,1,Y,3,No,3,1,4194,14363,141,98,18,0,80,Sales,"Sales Executive",2,3,1,Yes,Travel_Rarely,3,4,3,5,5,3,0,3,3
880,35,Female,Married,3,"Life Sciences",1,Y,9,No,4,1,10685,23457,607,66,20,1,80,"Research & Development","Manufacturing Director",3,2,3,Yes,Travel_Rarely,4,2,3,17,17,14,5,15,2
881,35,Female,Divorced,4,"Life Sciences",1,Y,25,Yes,3,1,2022,16612,130,96,19,1,80,"Research & Development","Research Scientist",1,3,2,Yes,Travel_Frequently,4,1,2,10,10,2,7,8,3
882,32,Male,Divorced,3,"Life Sciences",0,Y,1,No,3,1,2314,9148,300,61,12,1,80,"Research & Development","Laboratory Technician",1,3,4,No,Non-Travel,4,2,3,4,3,0,0,2,2
885,25,Male,Married,1,Marketing,1,Y,4,No,3,1,4256,18154,583,87,12,0,80,Sales,"Sales Executive",2,2,1,No,Travel_Rarely,3,1,4,5,5,2,0,3,1
887,49,Female,Married,3,"Technical Degree",2,Y,1,No,3,1,3580,10554,1418,36,16,1,80,"Research & Development","Research Scientist",1,3,1,No,Travel_Rarely,3,2,3,7,4,2,0,2,2
888,24,Male,Married,1,"Life Sciences",0,Y,4,No,3,1,3162,10778,1269,46,17,0,80,"Research & Development","Laboratory Technician",1,2,4,No,Non-Travel,1,4,2,6,5,2,3,4,2
889,32,Male,Married,2,"Life Sciences",1,Y,5,No,3,1,6524,8891,379,48,14,1,80,Sales,"Sales Executive",2,3,2,No,Travel_Frequently,2,4,3,10,10,8,5,3,3
893,38,Male,Married,3,Marketing,0,Y,9,No,3,1,2899,12102,395,98,19,1,80,Sales,"Sales Representative",1,2,2,No,Travel_Rarely,2,4,3,3,2,2,1,2,3
894,42,Female,Married,3,"Life Sciences",2,Y,3,No,3,1,5231,23726,1265,95,13,1,80,"Research & Development","Laboratory Technician",2,4,4,Yes,Travel_Rarely,3,2,2,17,5,3,1,3,1
895,31,Male,Married,4,"Life Sciences",3,Y,11,No,3,1,2356,14871,1222,48,19,1,80,"Research & Development","Research Scientist",1,3,4,Yes,Travel_Rarely,4,2,3,8,6,4,0,2,2
896,29,Female,Divorced,3,Medical,6,Y,1,Yes,3,1,2800,23522,341,48,19,3,80,Sales,"Sales Representative",1,2,3,Yes,Travel_Rarely,2,3,3,5,3,2,0,2,3
897,53,Male,Married,3,Marketing,5,Y,8,No,3,1,11836,22789,868,73,14,1,80,Sales,"Sales Executive",4,3,4,No,Travel_Rarely,1,3,3,28,2,0,2,2,3
899,35,Male,Married,3,"Technical Degree",3,Y,25,No,3,1,10903,9129,672,78,16,0,80,"Research & Development","Manufacturing Director",3,2,2,No,Travel_Rarely,4,1,3,16,13,10,4,8,2
900,37,Female,Married,2,Medical,5,Y,21,No,3,1,2973,21222,1231,54,15,1,80,Sales,"Sales Representative",1,3,4,No,Travel_Frequently,3,2,3,10,5,4,0,0,3
901,53,Female,Single,4,"Life Sciences",6,Y,23,No,3,1,14275,20206,102,72,18,0,80,"Research & Development","Research Director",4,3,4,No,Travel_Rarely,4,3,3,33,12,9,3,8,0
902,43,Female,Married,3,"Life Sciences",4,Y,1,No,3,1,5562,21782,422,33,13,1,80,"Research & Development","Healthcare Representative",2,3,4,No,Travel_Frequently,4,2,2,12,5,2,2,2,2
903,47,Female,Married,2,Marketing,0,Y,2,No,4,1,4537,17783,249,35,22,1,80,Sales,"Sales Executive",2,3,4,Yes,Travel_Rarely,3,1,3,8,7,6,7,7,2
904,37,Male,Single,2,Medical,1,Y,19,No,3,1,7642,4814,1252,32,13,0,80,Sales,"Sales Executive",3,3,2,Yes,Non-Travel,1,4,3,10,10,0,0,9,2
905,50,Male,Divorced,4,"Life Sciences",1,Y,2,No,3,1,17924,4544,881,98,11,1,80,"Research & Development",Manager,4,3,1,No,Non-Travel,1,4,3,31,31,6,14,7,3
909,39,Female,Married,3,"Life Sciences",8,Y,2,No,3,1,5204,7790,1383,42,11,2,80,"Human Resources","Human Resources",2,2,4,No,Travel_Rarely,4,3,3,13,5,4,0,4,2
910,33,Male,Divorced,2,"Human Resources",3,Y,3,No,3,1,2277,22650,1075,57,11,1,80,"Human Resources","Human Resources",1,3,2,Yes,Travel_Rarely,4,3,4,7,4,3,0,3,4
911,32,Male,Single,4,"Life Sciences",1,Y,25,Yes,4,1,2795,18016,374,87,24,0,80,"Research & Development","Laboratory Technician",1,3,4,Yes,Travel_Rarely,1,3,1,1,1,0,0,1,2
912,29,Female,Divorced,1,Medical,6,Y,7,No,3,1,2532,6054,1086,62,14,3,80,"Research & Development","Laboratory Technician",1,2,4,No,Travel_Rarely,1,3,3,8,4,3,0,3,5
913,44,Male,Married,2,"Life Sciences",1,Y,9,No,3,1,2559,7508,661,61,13,0,80,"Research & Development","Research Scientist",1,3,1,Yes,Travel_Rarely,2,4,3,8,8,7,7,1,0
916,28,Male,Single,4,Medical,1,Y,5,No,3,1,4908,24252,821,98,14,0,80,Sales,"Sales Executive",2,3,4,No,Travel_Rarely,1,2,3,4,4,2,0,2,3
918,58,Male,Divorced,1,"Life Sciences",9,Y,2,Yes,3,1,2380,13384,781,57,14,1,80,"Research & Development","Laboratory Technician",1,2,4,Yes,Travel_Frequently,4,4,2,3,1,0,0,0,3
920,43,Female,Divorced,3,"Life Sciences",4,Y,8,No,4,1,4765,23814,177,55,21,1,80,"Research & Development","Manufacturing Director",2,3,2,No,Travel_Rarely,1,3,4,4,1,0,0,0,2
922,20,Female,Single,3,Medical,1,Y,2,Yes,3,1,2044,22052,500,49,13,0,80,Sales,"Sales Representative",1,2,3,No,Travel_Rarely,3,4,2,2,2,2,0,2,3
923,21,Female,Single,1,Other,1,Y,18,Yes,3,1,2693,8870,1427,65,19,0,80,"Research & Development","Research Scientist",1,3,4,No,Travel_Rarely,4,1,2,1,1,0,0,0,3
924,36,Male,Married,1,"Life Sciences",0,Y,14,No,3,1,6586,4821,1425,68,17,1,80,"Research & Development","Healthcare Representative",2,3,4,Yes,Travel_Rarely,3,1,2,17,16,8,4,11,2
925,47,Female,Single,4,"Life Sciences",1,Y,2,No,3,1,3294,13137,1454,65,18,0,80,Sales,"Sales Representative",1,2,4,Yes,Travel_Rarely,4,1,2,3,3,2,1,2,3
926,22,Female,Married,1,"Life Sciences",0,Y,3,Yes,3,1,4171,10022,617,34,19,1,80,"Research & Development","Manufacturing Director",2,3,3,Yes,Travel_Rarely,2,1,4,4,3,2,0,2,3
927,41,Female,Divorced,4,"Life Sciences",4,Y,2,Yes,3,1,2778,17725,1085,57,13,1,80,"Research & Development","Laboratory Technician",1,1,4,Yes,Travel_Rarely,2,3,2,10,7,7,1,0,1
930,28,Female,Divorced,3,Medical,5,Y,9,No,3,1,2377,9834,995,77,18,1,80,"Research & Development","Research Scientist",1,3,3,No,Travel_Rarely,3,2,3,6,2,2,2,2,2
932,39,Male,Married,3,Medical,7,Y,6,Yes,4,1,2404,4303,1122,70,21,0,80,"Research & Development","Laboratory Technician",1,3,1,Yes,Travel_Rarely,4,4,1,8,2,2,2,2,2
933,27,Female,Single,3,"Life Sciences",1,Y,4,No,3,1,2318,17808,618,76,19,0,80,"Research & Development","Research Scientist",1,3,3,No,Travel_Rarely,2,3,3,1,1,1,0,0,2
934,34,Male,Divorced,3,"Life Sciences",1,Y,10,No,3,1,2008,6896,546,83,14,2,80,"Research & Development","Laboratory Technician",1,3,2,No,Travel_Rarely,2,2,3,1,1,0,1,0,3
936,42,Female,Single,2,Medical,7,Y,14,No,3,1,6244,7824,462,68,17,0,80,Sales,"Sales Executive",2,2,3,No,Travel_Rarely,3,1,3,10,5,4,0,3,6
939,33,Male,Single,4,Other,3,Y,1,No,3,1,2799,3339,1198,100,11,0,80,"Research & Development","Research Scientist",1,2,1,Yes,Travel_Rarely,3,2,3,6,3,2,0,2,1
940,58,Female,Divorced,3,"Technical Degree",2,Y,5,No,3,1,10552,9255,1272,37,13,1,80,"Research & Development","Healthcare Representative",3,2,2,Yes,Travel_Rarely,3,4,3,24,6,0,0,4,3
941,31,Male,Married,4,"Life Sciences",3,Y,7,No,3,1,2329,11737,154,41,15,0,80,Sales,"Sales Representative",1,2,3,No,Travel_Rarely,2,2,4,13,7,7,5,2,2
942,35,Female,Married,1,"Life Sciences",1,Y,21,No,4,1,4014,19170,1137,51,25,1,80,"Research & Development","Healthcare Representative",2,3,4,Yes,Travel_Rarely,4,4,1,10,10,6,0,7,2
944,49,Female,Married,2,Other,4,Y,8,No,3,1,7403,22477,527,51,11,1,80,"Research & Development","Laboratory Technician",3,3,2,No,Travel_Rarely,1,3,2,29,26,9,1,7,3
945,48,Male,Married,4,Medical,4,Y,20,No,3,1,2259,5543,1469,51,17,2,80,"Research & Development","Research Scientist",1,3,3,No,Travel_Rarely,4,1,2,13,0,0,0,0,2
947,31,Female,Married,2,Marketing,1,Y,20,No,3,1,6932,24406,1188,45,13,1,80,Sales,"Sales Executive",2,3,3,No,Non-Travel,4,4,2,9,9,8,0,0,2
949,36,Male,Single,4,Other,2,Y,7,No,3,1,4678,23293,188,65,18,0,80,"Research & Development","Research Scientist",1,3,4,No,Travel_Rarely,2,3,3,8,6,2,0,1,6
950,38,Female,Married,3,"Technical Degree",1,Y,1,No,3,1,13582,16292,1333,80,13,1,80,"Research & Development","Research Director",3,3,1,No,Travel_Rarely,4,2,3,15,15,12,5,11,3
951,32,Female,Married,3,"Life Sciences",6,Y,1,No,4,1,2332,3974,1184,70,20,0,80,"Research & Development","Laboratory Technician",1,2,2,No,Non-Travel,3,3,3,5,3,0,0,2,3
952,25,Male,Married,2,Marketing,1,Y,19,Yes,3,1,2413,18798,867,36,18,3,80,Sales,"Sales Representative",1,2,2,Yes,Travel_Rarely,3,3,3,1,1,0,0,0,2
954,40,Male,Divorced,4,Marketing,2,Y,10,No,3,1,9705,20652,658,67,12,1,80,Sales,"Sales Executive",3,2,2,No,Travel_Rarely,1,2,2,11,1,0,0,0,2
956,26,Male,Single,3,Medical,1,Y,1,No,3,1,4294,11148,1283,52,12,0,80,Sales,"Sales Executive",2,2,1,No,Travel_Frequently,3,2,3,7,7,7,0,7,2
957,41,Male,Single,3,Medical,2,Y,6,No,3,1,4721,3119,263,59,13,0,80,"Research & Development","Laboratory Technician",1,3,1,Yes,Travel_Rarely,4,3,3,20,18,13,2,17,3
958,36,Male,Single,4,Medical,4,Y,2,No,4,1,2519,12287,938,79,21,0,80,"Research & Development","Laboratory Technician",1,3,3,No,Travel_Rarely,3,3,3,16,11,8,3,9,6
959,19,Male,Single,3,Other,1,Y,21,Yes,3,1,2121,9947,419,37,13,0,80,Sales,"Sales Representative",1,2,2,Yes,Travel_Rarely,4,2,4,1,1,0,0,0,3
960,20,Male,Single,3,"Technical Degree",1,Y,4,Yes,3,1,2973,13008,129,84,19,0,80,"Research & Development","Laboratory Technician",1,3,1,No,Travel_Rarely,1,2,3,1,1,0,0,0,2
961,31,Female,Married,3,Medical,0,Y,12,No,3,1,5855,17369,616,41,11,2,80,"Research & Development","Healthcare Representative",2,3,4,Yes,Travel_Rarely,4,3,1,10,9,7,8,5,2
964,40,Male,Divorced,4,Medical,8,Y,9,No,3,1,3617,25063,1469,35,14,1,80,"Research & Development","Research Scientist",1,3,2,Yes,Travel_Frequently,4,4,3,3,1,1,0,0,2
966,32,Female,Married,4,Medical,1,Y,3,No,3,1,6725,13554,498,93,12,1,80,"Research & Development","Manufacturing Director",2,3,1,No,Travel_Rarely,3,3,4,8,8,7,6,3,2
967,36,Male,Married,1,"Life Sciences",1,Y,3,Yes,3,1,10325,5518,530,51,11,1,80,Sales,"Sales Executive",3,2,4,Yes,Travel_Rarely,3,1,3,16,16,7,3,7,6
969,33,Female,Single,3,"Life Sciences",0,Y,1,No,3,1,6949,12291,1069,42,14,0,80,"Research & Development","Healthcare Representative",2,2,4,No,Travel_Rarely,2,1,3,6,5,0,1,4,3
970,37,Male,Married,4,"Life Sciences",5,Y,1,Yes,3,1,10609,14922,625,46,11,0,80,Sales,"Sales Executive",3,2,3,No,Travel_Rarely,1,3,1,17,14,1,11,7,2
972,45,Male,Married,2,"Life Sciences",1,Y,4,No,3,1,4447,23163,805,57,12,0,80,"Research & Development","Laboratory Technician",2,3,2,No,Non-Travel,3,2,2,9,9,7,0,8,5
974,29,Female,Married,3,"Technical Degree",1,Y,20,No,3,1,2157,18203,1404,84,15,1,80,Sales,"Sales Representative",1,3,4,No,Travel_Frequently,3,2,3,3,3,1,0,2,5
975,35,Female,Married,3,Medical,1,Y,18,No,3,1,4601,6179,1219,86,16,0,80,Sales,"Sales Executive",2,3,3,No,Travel_Rarely,3,2,3,5,5,2,1,0,3
976,52,Male,Married,2,"Life Sciences",2,Y,1,No,3,1,17099,13829,1053,70,15,1,80,"Research & Development",Manager,4,3,4,No,Travel_Rarely,4,2,2,26,9,8,7,8,2
977,58,Male,Single,3,"Technical Degree",4,Y,2,Yes,4,1,2479,26227,289,51,24,0,80,"Research & Development","Research Scientist",1,3,3,No,Travel_Rarely,4,1,3,7,1,0,0,0,4
981,53,Male,Divorced,2,Medical,6,Y,2,No,3,1,14852,13938,1376,45,13,1,80,Sales,Manager,4,3,3,No,Travel_Rarely,3,3,4,22,17,13,15,2,3
982,30,Male,Divorced,2,Other,5,Y,8,No,3,1,7264,9977,231,62,11,1,80,Sales,"Sales Executive",3,3,3,No,Travel_Rarely,3,1,4,10,8,4,7,7,2
983,38,Female,Single,3,"Technical Degree",1,Y,10,No,3,1,5666,19899,152,85,13,0,80,Sales,"Sales Executive",2,3,4,Yes,Non-Travel,3,2,3,6,5,3,1,3,1
984,35,Male,Divorced,4,"Life Sciences",6,Y,3,No,3,1,7823,6812,882,92,13,1,80,Sales,"Sales Executive",3,3,4,No,Travel_Rarely,4,2,3,12,10,9,0,8,2
985,39,Male,Single,5,"Life Sciences",0,Y,2,No,3,1,7880,2560,903,41,18,0,80,Sales,"Sales Executive",3,4,3,No,Travel_Rarely,1,4,3,9,8,7,0,7,3
986,40,Female,Single,3,"Life Sciences",4,Y,24,Yes,3,1,13194,17071,1479,100,16,0,80,Sales,"Sales Executive",4,4,2,Yes,Non-Travel,2,4,2,22,1,0,0,0,2
987,47,Male,Divorced,4,Medical,1,Y,16,No,3,1,5067,6759,1379,64,19,0,80,"Research & Development","Manufacturing Director",2,4,3,Yes,Travel_Frequently,3,3,4,20,19,10,2,7,3
990,36,Male,Divorced,4,"Technical Degree",4,Y,8,No,3,1,5079,25952,1229,84,13,2,80,Sales,"Sales Executive",2,3,4,No,Non-Travel,1,4,3,12,7,7,0,7,3
991,31,Male,Single,2,Medical,0,Y,9,Yes,4,1,2321,10322,335,46,22,0,80,"Research & Development","Research Scientist",1,2,1,Yes,Non-Travel,3,1,3,4,3,2,1,2,0
992,33,Male,Single,3,"Life Sciences",1,Y,17,No,3,1,17444,20489,722,38,11,0,80,Sales,Manager,4,3,3,No,Non-Travel,4,4,3,10,10,8,6,0,2
994,29,Female,Single,3,"Life Sciences",6,Y,10,Yes,4,1,2404,11479,906,92,20,0,80,"Research & Development","Research Scientist",1,2,1,Yes,Travel_Rarely,4,3,3,3,0,0,0,0,5
995,33,Female,Single,1,"Life Sciences",3,Y,13,No,3,1,3452,17241,461,53,18,0,80,"Research & Development","Research Scientist",1,3,4,No,Travel_Rarely,2,1,3,5,3,2,0,2,4
996,45,Female,Divorced,4,Medical,3,Y,1,No,3,1,2270,11005,974,91,14,2,80,"Research & Development","Laboratory Technician",1,3,4,No,Travel_Rarely,4,4,3,8,5,3,0,2,2
997,50,Male,Divorced,2,Medical,9,Y,1,No,4,1,17399,6615,1126,66,22,1,80,"Research & Development","Research Director",4,3,4,No,Travel_Rarely,4,3,2,32,5,4,1,3,1
998,33,Female,Married,4,Other,1,Y,1,No,3,1,5488,20161,827,84,13,1,80,"Research & Development","Healthcare Representative",2,4,2,Yes,Travel_Frequently,3,1,3,6,6,5,1,2,2
999,41,Male,Divorced,3,Medical,2,Y,9,No,3,1,19419,3735,840,64,17,1,80,"Research & Development","Research Director",5,3,3,No,Travel_Frequently,1,2,4,21,18,16,0,11,2
1001,27,Female,Married,4,"Technical Degree",9,Y,16,No,3,1,2811,12086,1134,37,14,1,80,"Research & Development","Laboratory Technician",1,3,2,No,Travel_Rarely,3,2,3,4,2,2,2,2,2
1002,45,Male,Married,2,"Life Sciences",1,Y,23,No,3,1,3633,14039,248,42,15,1,80,"Research & Development","Laboratory Technician",2,3,1,Yes,Non-Travel,4,3,3,9,9,8,0,8,2
1003,47,Female,Single,2,"Life Sciences",1,Y,4,No,3,1,4163,8571,955,83,17,0,80,Sales,"Sales Executive",2,3,4,Yes,Travel_Rarely,4,3,3,9,9,0,0,7,0
1004,30,Female,Married,3,"Life Sciences",4,Y,22,Yes,3,1,2132,11539,138,48,11,0,80,"Research & Development","Research Scientist",1,3,3,Yes,Travel_Rarely,1,2,3,7,5,2,0,1,2
1005,50,Male,Married,3,"Life Sciences",3,Y,24,No,3,1,13973,4161,939,95,18,1,80,"Research & Development","Manufacturing Director",4,3,3,Yes,Travel_Rarely,4,4,3,22,12,11,1,5,2
1006,38,Male,Married,1,Medical,0,Y,10,No,3,1,2684,12127,1391,66,17,1,80,"Research & Development","Research Scientist",1,3,3,No,Travel_Frequently,3,2,2,3,2,1,0,2,0
1007,46,Male,Divorced,2,Medical,6,Y,7,No,3,1,10845,24208,566,75,13,1,80,"Research & Development","Manufacturing Director",3,3,3,No,Travel_Rarely,4,2,3,13,8,7,0,7,3
1009,24,Female,Divorced,1,Medical,1,Y,17,No,3,1,4377,24117,1206,41,15,2,80,"Research & Development","Manufacturing Director",2,2,3,No,Travel_Rarely,4,2,3,5,4,2,3,2,6
1010,35,Male,Divorced,4,Other,1,Y,14,Yes,4,1,3743,10074,622,39,24,1,80,"Research & Development","Laboratory Technician",1,2,2,Yes,Travel_Rarely,3,4,1,5,4,2,0,2,2
1011,31,Female,Married,1,"Life Sciences",1,Y,1,No,3,1,4148,11275,853,96,12,1,80,"Research & Development","Manufacturing Director",2,3,1,No,Travel_Frequently,3,3,3,4,4,3,0,3,1
1012,18,Male,Single,2,"Life Sciences",1,Y,5,No,3,1,1051,13493,287,73,15,0,80,"Research & Development","Research Scientist",1,3,4,No,Non-Travel,2,4,3,0,0,0,0,0,2
1013,54,Female,Married,3,"Technical Degree",8,Y,17,No,3,1,10739,13943,1441,56,11,1,80,"Research & Development","Manufacturing Director",3,3,3,No,Travel_Rarely,3,3,3,22,10,7,0,8,2
1014,35,Female,Divorced,4,Medical,1,Y,25,No,3,1,10388,6975,583,57,11,1,80,"Research & Development","Healthcare Representative",3,3,3,Yes,Travel_Rarely,3,3,2,16,16,10,10,1,3
1015,30,Female,Married,2,"Life Sciences",0,Y,8,No,3,1,11416,17802,153,73,12,3,80,"Research & Development","Research Director",3,4,1,Yes,Travel_Rarely,2,3,2,9,8,7,1,7,4
1016,20,Female,Single,3,Medical,1,Y,11,Yes,3,1,2600,18275,1097,98,15,0,80,"Research & Development","Research Scientist",1,2,1,Yes,Travel_Rarely,4,1,3,1,1,0,0,0,2
1017,30,Female,Single,3,Medical,0,Y,5,Yes,3,1,2422,25725,109,60,17,0,80,"Research & Development","Laboratory Technician",1,3,2,No,Travel_Frequently,2,1,3,4,3,2,1,2,3
1018,26,Male,Married,2,Medical,1,Y,2,No,3,1,5472,3334,1066,32,12,0,80,"Research & Development","Manufacturing Director",2,4,4,No,Travel_Rarely,4,2,3,8,8,7,1,3,2
1019,22,Male,Married,1,"Life Sciences",1,Y,8,No,3,1,2451,6881,217,94,15,1,80,"Research & Development","Laboratory Technician",1,1,1,No,Travel_Rarely,2,1,2,4,4,3,1,1,3
1022,48,Male,Single,3,"Life Sciences",2,Y,6,No,3,1,4240,13119,277,97,13,0,80,"Research & Development","Healthcare Representative",2,2,3,No,Travel_Rarely,1,4,3,19,2,2,2,2,0
1024,48,Male,Single,4,"Life Sciences",7,Y,4,No,3,1,10999,22245,1355,78,14,0,80,"Research & Development","Healthcare Representative",3,2,3,No,Travel_Rarely,3,2,3,27,15,11,4,8,3
1025,41,Female,Single,2,Medical,6,Y,7,No,3,1,5003,23371,549,42,14,0,80,"Research & Development","Manufacturing Director",2,3,3,No,Travel_Rarely,4,2,3,8,2,2,2,1,6
1026,39,Female,Married,1,"Life Sciences",1,Y,1,No,3,1,12742,7060,466,65,16,1,80,"Research & Development","Manufacturing Director",4,2,4,No,Travel_Rarely,4,3,3,21,21,6,11,8,3
1027,27,Female,Married,4,"Life Sciences",0,Y,2,No,3,1,4227,4658,1055,47,18,1,80,"Research & Development","Manufacturing Director",2,3,4,No,Travel_Rarely,1,2,3,4,3,2,2,2,2
1028,35,Male,Divorced,3,Other,1,Y,10,No,4,1,3917,9541,802,45,20,1,80,"Research & Development","Laboratory Technician",1,3,4,No,Travel_Rarely,2,1,2,3,3,2,1,2,4
1029,42,Male,Married,2,Marketing,6,Y,5,No,3,1,18303,7770,265,90,13,0,80,Sales,Manager,5,3,3,No,Travel_Rarely,4,2,4,21,1,0,0,0,3
1030,50,Male,Married,3,"Life Sciences",4,Y,9,No,3,1,2380,20165,804,64,18,0,80,"Research & Development","Laboratory Technician",1,3,4,No,Travel_Rarely,1,2,3,8,1,0,0,0,5
1032,59,Female,Single,3,"Life Sciences",3,Y,2,No,3,1,13726,21829,715,69,13,0,80,"Research & Development","Manufacturing Director",4,2,4,Yes,Travel_Rarely,3,1,3,30,5,3,4,3,4
1033,37,Female,Married,2,Medical,5,Y,11,Yes,3,1,4777,14382,1141,61,15,0,80,"Research & Development","Healthcare Representative",2,1,2,No,Travel_Rarely,1,1,1,15,1,0,0,0,2
1034,55,Male,Married,4,Medical,3,Y,18,No,3,1,6385,12992,135,62,14,2,80,"Research & Development","Healthcare Representative",2,3,2,Yes,Travel_Frequently,3,4,3,17,8,7,6,7,3
1035,41,Female,Divorced,1,"Life Sciences",1,Y,7,No,4,1,19973,20284,247,55,22,2,80,"Research & Development","Research Director",5,1,3,No,Non-Travel,2,2,3,21,21,16,5,10,3
1036,38,Male,Single,4,"Life Sciences",8,Y,3,No,3,1,6861,4981,1035,42,12,0,80,Sales,"Sales Executive",2,3,4,Yes,Travel_Rarely,2,3,3,19,1,0,0,0,1
1037,26,Male,Single,2,Medical,8,Y,29,Yes,3,1,4969,21813,265,79,18,0,80,Sales,"Sales Executive",2,1,1,No,Non-Travel,2,4,3,7,2,2,2,2,6
1038,52,Female,Married,1,Marketing,1,Y,2,Yes,3,1,19845,25846,266,57,15,1,80,Sales,Manager,5,1,4,No,Travel_Rarely,1,4,3,33,32,14,6,9,3
1039,44,Female,Married,3,Medical,3,Y,28,No,3,1,13320,11737,1448,53,18,1,80,Sales,"Sales Executive",4,4,4,Yes,Travel_Rarely,4,3,3,23,12,11,11,11,2
1040,50,Female,Married,3,"Life Sciences",0,Y,1,No,3,1,6347,24920,145,95,12,1,80,Sales,"Sales Executive",2,3,3,No,Non-Travel,4,1,3,19,18,7,0,13,3
1042,36,Female,Single,4,"Life Sciences",1,Y,16,Yes,3,1,2743,8269,885,43,16,0,80,"Research & Development","Laboratory Technician",1,4,1,No,Travel_Rarely,3,3,3,18,17,13,15,14,1
1043,39,Female,Single,3,Medical,1,Y,22,No,3,1,10880,5083,945,82,13,0,80,"Research & Development","Manufacturing Director",3,3,1,Yes,Travel_Frequently,4,3,3,21,21,6,2,8,2
1044,33,Female,Single,1,"Life Sciences",0,Y,8,No,3,1,2342,21437,1038,88,19,0,80,Sales,"Sales Representative",1,2,4,No,Non-Travel,2,4,2,3,2,2,2,2,2
1045,45,Female,Married,2,"Life Sciences",3,Y,11,No,3,1,17650,5404,1234,90,13,1,80,Sales,Manager,4,3,4,No,Travel_Rarely,4,2,4,26,9,3,1,1,4
1046,32,Female,Single,4,Medical,9,Y,29,No,3,1,4025,11135,1109,69,12,0,80,"Research & Development","Laboratory Technician",1,3,3,No,Non-Travel,4,2,3,10,8,7,7,7,2
1047,34,Male,Divorced,4,Marketing,0,Y,1,No,3,1,9725,12278,216,75,11,1,80,Sales,"Sales Executive",2,4,4,No,Travel_Rarely,2,4,2,16,15,1,0,9,2
1048,59,Male,Married,2,"Technical Degree",3,Y,1,No,3,1,11904,11038,1089,66,14,1,80,Sales,Manager,3,3,4,Yes,Travel_Rarely,2,3,1,14,6,4,0,4,1
1049,45,Male,Single,4,Medical,1,Y,24,No,3,1,2177,8318,788,36,16,0,80,"Human Resources","Human Resources",1,3,2,No,Travel_Rarely,2,1,3,6,6,3,0,4,3
1050,53,Female,Married,3,Marketing,2,Y,2,No,3,1,7525,23537,124,38,12,1,80,Sales,"Sales Executive",3,2,2,No,Travel_Frequently,3,1,3,30,15,7,6,12,2
1052,36,Male,Divorced,3,Other,7,Y,15,Yes,3,1,4834,7858,660,81,14,1,80,"Research & Development","Laboratory Technician",2,3,3,No,Travel_Rarely,1,2,2,9,1,0,0,0,3
1053,26,Male,Married,3,"Life Sciences",6,Y,2,Yes,3,1,2042,15346,342,57,14,1,80,"Research & Development","Research Scientist",1,3,1,Yes,Travel_Frequently,1,2,3,6,3,2,1,2,2
1055,34,Female,Married,4,"Life Sciences",1,Y,10,No,3,1,2220,18410,1333,87,19,1,80,Sales,"Sales Representative",1,3,3,Yes,Travel_Rarely,3,4,3,1,1,1,0,0,2
1056,28,Male,Married,1,Medical,1,Y,10,No,4,1,1052,23384,1144,74,22,0,80,Sales,"Sales Representative",1,3,2,No,Travel_Rarely,4,2,3,1,1,0,0,0,5
1060,38,Male,Married,4,Other,3,Y,3,No,3,1,2821,2997,1186,44,16,1,80,"Research & Development","Research Scientist",1,3,3,No,Travel_Frequently,3,1,3,8,2,2,2,2,2
1061,50,Male,Married,4,Medical,2,Y,2,No,3,1,19237,12853,1464,62,11,1,80,"Research & Development","Research Director",5,3,3,Yes,Travel_Rarely,2,4,2,29,8,1,7,7,2
1062,37,Female,Single,3,Other,3,Y,3,No,3,1,4107,13848,124,35,15,0,80,"Research & Development","Healthcare Representative",2,3,2,No,Travel_Rarely,4,1,2,8,4,3,0,1,3
1066,40,Male,Married,3,Marketing,1,Y,26,No,3,1,8396,22217,300,74,14,1,80,Sales,"Sales Executive",2,3,1,No,Travel_Rarely,3,2,2,8,7,7,7,5,3
1068,26,Female,Divorced,1,Medical,1,Y,1,No,3,1,2007,25265,921,66,13,2,80,"Research & Development","Research Scientist",1,2,3,No,Travel_Frequently,1,3,3,5,5,3,1,3,5
1069,46,Male,Divorced,4,Medical,9,Y,1,No,3,1,19627,21445,430,40,17,2,80,"Research & Development","Research Director",5,3,4,No,Travel_Rarely,4,4,3,23,2,2,2,2,0
1070,54,Female,Married,4,"Life Sciences",6,Y,2,No,3,1,10686,8392,1082,41,11,1,80,Sales,"Sales Executive",3,2,3,No,Travel_Rarely,3,2,3,13,9,4,7,0,4
1071,56,Female,Married,3,Medical,2,Y,9,No,3,1,2942,12154,1240,63,19,1,80,"Research & Development","Research Scientist",1,3,3,No,Travel_Frequently,1,2,3,18,5,4,0,3,4
1073,36,Female,Single,5,Medical,0,Y,12,No,3,1,8858,15669,796,51,11,0,80,"Research & Development","Manufacturing Director",3,2,4,No,Travel_Rarely,4,2,2,15,14,8,7,8,2
1074,55,Male,Single,1,Medical,7,Y,2,No,3,1,16756,17323,444,40,15,0,80,"Research & Development",Manager,4,2,1,No,Non-Travel,3,2,4,31,9,7,6,2,3
1076,43,Male,Divorced,3,Medical,5,Y,25,No,3,1,10798,5268,415,79,13,1,80,Sales,"Sales Executive",3,2,4,No,Travel_Rarely,3,3,3,18,1,0,0,0,5
1077,20,Female,Single,3,Marketing,1,Y,9,Yes,3,1,2323,17205,769,54,14,0,80,Sales,"Sales Representative",1,3,4,Yes,Travel_Frequently,4,2,3,2,2,2,0,2,3
1079,21,Female,Single,3,"Life Sciences",1,Y,10,Yes,3,1,1416,17258,1334,36,13,0,80,"Research & Development","Laboratory Technician",1,2,1,No,Travel_Rarely,3,1,2,1,1,0,1,0,6
1080,46,Female,Divorced,4,"Life Sciences",8,Y,8,No,4,1,4615,21029,1003,74,23,3,80,"Research & Development","Research Scientist",2,2,1,Yes,Travel_Rarely,4,1,3,19,16,13,1,7,2
1081,51,Male,Married,4,"Life Sciences",9,Y,4,Yes,3,1,2461,10332,1323,34,12,3,80,"Research & Development","Research Scientist",1,3,3,Yes,Travel_Rarely,1,3,4,18,10,0,2,7,2
1082,28,Male,Single,2,"Technical Degree",1,Y,24,Yes,3,1,8722,12355,1366,72,12,0,80,"Research & Development","Healthcare Representative",3,2,1,No,Non-Travel,2,1,2,10,10,7,1,9,2
1083,26,Male,Married,2,Medical,1,Y,1,No,3,1,3955,11141,192,59,16,2,80,"Research & Development","Laboratory Technician",1,2,1,No,Travel_Rarely,1,1,3,6,5,3,1,3,2
1084,30,Male,Married,3,Other,0,Y,20,No,3,1,9957,9096,1176,85,15,1,80,"Research & Development","Manufacturing Director",2,3,1,No,Travel_Rarely,3,3,2,7,6,2,0,2,1
1085,41,Female,Married,2,"Technical Degree",1,Y,7,No,3,1,3376,18863,509,43,13,0,80,"Research & Development","Research Scientist",1,4,3,No,Travel_Rarely,2,3,3,10,10,6,0,8,3
1088,38,Female,Married,1,"Life Sciences",0,Y,17,No,3,1,8823,24608,330,65,18,1,80,"Research & Development","Healthcare Representative",3,2,3,No,Travel_Rarely,3,1,2,20,19,9,1,9,4
1092,40,Male,Married,4,"Technical Degree",4,Y,20,No,4,1,10322,26542,1492,61,20,1,80,"Research & Development","Healthcare Representative",3,3,4,No,Travel_Rarely,1,4,3,14,11,10,11,1,6
1094,27,Male,Married,5,"Life Sciences",1,Y,8,No,3,1,4621,5869,1277,87,19,3,80,"Research & Development","Laboratory Technician",1,1,3,No,Non-Travel,1,4,3,3,3,2,1,2,4
1096,55,Male,Married,1,"Life Sciences",3,Y,2,No,3,1,10976,15813,1091,65,18,1,80,"Research & Development","Manufacturing Director",3,3,2,No,Travel_Frequently,4,2,3,23,3,2,1,2,4
1097,28,Female,Single,3,Other,3,Y,10,No,3,1,3660,7909,857,59,13,0,80,"Research & Development","Research Scientist",2,3,3,No,Travel_Rarely,3,4,4,10,8,7,1,7,4
1098,44,Male,Married,2,Medical,9,Y,1,Yes,3,1,10482,2326,1376,91,14,1,80,"Human Resources","Human Resources",3,2,1,No,Travel_Rarely,2,4,3,24,20,6,3,6,1
1099,33,Male,Divorced,3,"Life Sciences",4,Y,5,No,3,1,7119,21214,654,34,15,1,80,"Research & Development","Healthcare Representative",3,2,4,No,Travel_Rarely,4,3,3,9,3,2,1,2,2
1100,35,Male,Single,3,"Technical Degree",0,Y,4,Yes,4,1,9582,10333,1204,86,22,0,80,Sales,"Sales Executive",3,3,1,Yes,Travel_Rarely,4,1,3,9,8,7,4,7,2
1101,33,Female,Single,4,Medical,1,Y,29,Yes,4,1,4508,3129,827,54,22,0,80,"Research & Development","Research Scientist",2,2,3,No,Travel_Frequently,1,2,3,14,13,7,3,8,4
1102,28,Male,Divorced,2,"Life Sciences",1,Y,15,No,3,1,2207,22482,895,50,16,1,80,"Research & Development","Laboratory Technician",1,3,3,No,Travel_Rarely,1,4,2,4,4,2,2,2,5
1103,34,Male,Single,1,"Life Sciences",0,Y,3,No,3,1,7756,22266,618,45,17,0,80,"Research & Development","Healthcare Representative",2,3,4,No,Travel_Frequently,1,3,2,7,6,2,0,4,1
1105,37,Female,Divorced,4,"Life Sciences",2,Y,10,No,3,1,6694,24223,309,88,14,3,80,Sales,"Sales Executive",2,2,4,Yes,Travel_Rarely,4,3,3,8,1,0,0,0,5
1106,25,Male,Married,1,"Technical Degree",1,Y,4,Yes,3,1,3691,4605,1219,32,15,1,80,"Research & Development","Laboratory Technician",1,3,4,Yes,Travel_Rarely,4,2,4,7,7,7,5,6,3
1107,26,Male,Divorced,3,Medical,1,Y,21,Yes,4,1,2377,19373,1330,37,20,1,80,"Research & Development","Laboratory Technician",1,3,3,No,Travel_Rarely,1,3,2,1,1,1,0,0,0
1108,33,Male,Single,3,Medical,4,Y,25,Yes,4,1,2313,2993,1017,55,20,0,80,"Research & Development","Research Scientist",1,2,2,Yes,Travel_Rarely,1,2,3,5,2,2,2,2,0
1109,42,Male,Married,2,Medical,0,Y,2,No,3,1,17665,14399,469,35,17,1,80,"Research & Development",Manager,4,3,1,No,Travel_Rarely,4,4,3,23,22,6,13,7,3
1111,28,Male,Divorced,3,Medical,1,Y,1,Yes,3,1,2596,7160,1009,45,15,2,80,"Research & Development","Laboratory Technician",1,2,2,No,Travel_Frequently,1,1,3,1,1,0,0,0,2
1113,50,Male,Single,4,Other,3,Y,1,Yes,3,1,4728,17251,959,81,14,0,80,Sales,"Sales Executive",2,3,3,Yes,Travel_Frequently,4,4,3,5,0,0,0,0,4
1114,33,Female,Married,3,"Life Sciences",0,Y,7,No,3,1,4302,13401,970,30,17,1,80,Sales,"Sales Executive",2,3,2,No,Travel_Frequently,4,3,3,4,3,2,0,2,3
1115,34,Male,Married,4,"Life Sciences",3,Y,3,No,3,1,2979,22478,697,40,17,3,80,"Research & Development","Research Scientist",1,2,4,No,Non-Travel,3,4,3,6,0,0,0,0,2
1116,48,Male,Single,4,Medical,2,Y,1,No,4,1,16885,16154,1262,35,22,0,80,"Research & Development",Manager,4,4,4,No,Non-Travel,1,3,2,27,5,4,2,1,3
1117,45,Female,Married,4,"Life Sciences",1,Y,9,No,3,1,5593,17970,1050,65,13,1,80,Sales,"Sales Executive",2,2,3,No,Non-Travel,2,4,3,15,15,10,4,12,2
1118,52,Male,Single,4,"Life Sciences",7,Y,7,No,3,1,10445,15322,994,87,19,0,80,"Research & Development","Healthcare Representative",3,3,2,No,Travel_Rarely,2,4,3,18,8,6,4,0,4
1119,38,Male,Divorced,4,Marketing,0,Y,10,No,3,1,8740,5569,770,73,14,2,80,Sales,"Sales Executive",3,2,3,Yes,Travel_Rarely,3,2,3,9,8,7,2,7,2
1120,29,Female,Divorced,4,"Life Sciences",4,Y,28,No,4,1,2514,26968,1107,93,22,1,80,"Research & Development","Research Scientist",1,3,4,No,Travel_Rarely,3,1,3,11,7,5,1,7,1
1121,28,Female,Divorced,3,Medical,0,Y,3,No,3,1,7655,8039,950,93,17,3,80,"Research & Development","Manufacturing Director",3,3,2,No,Travel_Rarely,4,2,2,10,9,7,1,7,3
1124,46,Male,Married,1,Marketing,3,Y,3,No,3,1,17465,15596,406,52,12,1,80,Sales,Manager,4,3,3,No,Travel_Rarely,1,4,3,23,12,9,4,9,3
1125,38,Male,Single,2,Marketing,7,Y,2,No,3,1,7351,20619,130,32,16,0,80,Sales,"Sales Executive",3,3,2,No,Travel_Rarely,4,3,3,10,1,0,0,0,2
1126,43,Female,Married,3,"Life Sciences",8,Y,27,No,3,1,10820,11535,1082,83,11,1,80,"Research & Development","Manufacturing Director",3,3,1,No,Travel_Frequently,3,3,3,18,8,7,0,1,1
1127,39,Male,Divorced,3,"Life Sciences",7,Y,2,Yes,3,1,12169,13547,203,84,11,3,80,"Research & Development","Healthcare Representative",4,3,4,No,Travel_Frequently,1,4,3,21,18,7,11,5,4
1128,40,Male,Single,3,Medical,1,Y,14,No,3,1,19626,17544,1308,44,14,0,80,"Research & Development","Research Director",5,2,3,No,Travel_Rarely,3,1,4,21,20,7,4,9,2
1131,21,Female,Single,1,"Technical Degree",1,Y,1,No,3,1,2070,25326,984,70,11,0,80,"Research & Development","Research Scientist",1,2,2,Yes,Travel_Rarely,4,3,4,2,2,2,2,2,6
1132,39,Male,Single,3,"Life Sciences",9,Y,9,No,3,1,6782,8770,439,70,15,0,80,"Research & Development","Laboratory Technician",2,3,2,No,Non-Travel,3,3,2,9,5,4,0,3,2
1133,36,Male,Single,4,"Life Sciences",2,Y,18,No,4,1,7779,23238,217,78,20,0,80,"Research & Development","Manufacturing Director",2,3,4,No,Non-Travel,1,1,3,18,11,9,0,9,0
1135,31,Male,Married,3,"Life Sciences",0,Y,20,No,3,1,2791,21981,793,67,12,1,80,Sales,"Sales Representative",1,4,4,No,Travel_Frequently,3,1,3,3,2,2,2,2,4
1136,28,Male,Married,1,"Life Sciences",0,Y,2,No,3,1,3201,19911,1451,67,17,0,80,"Research & Development","Research Scientist",1,2,2,No,Travel_Rarely,1,1,1,6,5,3,0,4,2
1137,35,Male,Divorced,2,Marketing,1,Y,11,No,3,1,4968,18500,1182,54,11,1,80,Sales,"Sales Executive",2,3,4,No,Travel_Frequently,4,4,3,5,5,2,0,2,3
1138,49,Male,Married,4,"Technical Degree",6,Y,8,No,3,1,13120,11879,174,56,17,1,80,Sales,"Sales Executive",4,2,2,No,Travel_Rarely,4,2,3,22,9,8,2,3,3
1140,34,Male,Single,2,"Life Sciences",2,Y,2,No,3,1,4033,15834,1003,95,11,0,80,"Research & Development","Manufacturing Director",2,3,3,No,Travel_Frequently,4,4,2,5,3,2,0,2,3
1143,29,Female,Divorced,3,"Life Sciences",0,Y,10,No,3,1,3291,17940,490,61,14,2,80,"Research & Development","Research Scientist",1,3,2,No,Travel_Frequently,4,4,2,8,7,5,1,1,2
1148,42,Male,Single,3,Medical,4,Y,29,No,3,1,4272,9558,188,56,19,0,80,"Research & Development","Laboratory Technician",2,1,4,No,Travel_Rarely,2,1,3,16,1,0,0,0,3
1150,29,Male,Married,1,Medical,1,Y,8,No,3,1,5056,17689,718,79,15,1,80,"Research & Development","Manufacturing Director",2,2,4,Yes,Travel_Rarely,2,3,2,10,10,7,1,2,2
1152,38,Male,Married,3,"Human Resources",1,Y,1,No,3,1,2844,6004,433,37,13,1,80,"Human Resources","Human Resources",1,4,3,No,Travel_Rarely,3,4,4,7,7,6,5,0,2
1154,28,Male,Divorced,3,"Life Sciences",1,Y,6,No,3,1,2703,22088,773,39,14,1,80,"Research & Development","Research Scientist",1,2,3,Yes,Travel_Frequently,3,4,3,3,3,1,0,2,2
1156,18,Male,Single,1,Medical,1,Y,8,Yes,3,1,1904,13556,247,80,12,0,80,"Research & Development","Laboratory Technician",1,3,3,No,Non-Travel,3,4,3,0,0,0,0,0,0
1157,33,Female,Single,4,Marketing,0,Y,9,Yes,3,1,8224,18385,603,77,17,0,80,Sales,"Sales Executive",2,3,1,Yes,Travel_Rarely,1,1,3,6,5,2,0,3,3
1158,41,Male,Married,4,"Life Sciences",3,Y,12,No,3,1,4766,9051,167,46,11,1,80,"Research & Development","Laboratory Technician",1,3,4,Yes,Travel_Rarely,2,1,3,6,1,0,0,0,4
1160,31,Male,Married,3,Medical,1,Y,15,Yes,3,1,2610,6233,874,72,12,1,80,"Research & Development","Laboratory Technician",1,3,3,No,Travel_Frequently,3,3,2,2,2,2,2,2,5
1161,37,Female,Divorced,2,Medical,7,Y,25,No,3,1,5731,17171,367,52,13,2,80,"Research & Development","Healthcare Representative",2,2,4,No,Travel_Rarely,3,3,3,9,6,2,1,3,2
1162,27,Male,Married,3,"Life Sciences",1,Y,6,No,3,1,2539,7950,199,55,13,1,80,"Research & Development","Research Scientist",1,2,3,No,Travel_Rarely,4,3,3,4,4,2,2,2,0
1163,34,Female,Married,1,"Life Sciences",1,Y,9,No,4,1,5714,5829,1400,70,20,0,80,Sales,"Sales Executive",2,3,3,No,Travel_Rarely,2,1,2,6,6,5,1,3,3
1164,35,Male,Single,4,"Technical Degree",1,Y,8,No,3,1,4323,7108,528,100,17,0,80,"Human Resources","Human Resources",1,3,3,No,Travel_Rarely,3,2,1,6,5,4,1,4,2
1165,29,Female,Married,1,"Life Sciences",1,Y,23,Yes,3,1,7336,11162,408,45,13,1,80,Sales,"Sales Executive",3,2,1,No,Travel_Rarely,4,1,1,11,11,8,3,10,3
1166,40,Female,Single,4,Medical,9,Y,9,No,3,1,13499,13782,593,88,17,0,80,"Research & Development","Research Director",3,3,3,No,Travel_Frequently,2,3,2,20,18,7,2,13,3
1167,42,Male,Single,3,"Life Sciences",0,Y,12,Yes,3,1,13758,2447,481,44,12,0,80,Sales,"Sales Executive",4,3,1,Yes,Travel_Frequently,3,2,2,22,21,9,13,14,2
1171,42,Male,Single,4,Marketing,7,Y,4,No,3,1,5155,2253,647,45,13,0,80,Sales,"Sales Executive",2,3,1,No,Travel_Rarely,2,4,4,9,6,4,1,5,3
1172,35,Male,Married,4,Medical,6,Y,1,No,3,1,2258,16340,982,58,12,1,80,"Research & Development","Laboratory Technician",1,2,3,No,Travel_Rarely,4,2,3,10,8,0,1,7,2
1173,24,Male,Single,3,Medical,8,Y,24,No,4,1,3597,6409,477,49,22,0,80,"Research & Development","Laboratory Technician",1,3,2,No,Travel_Rarely,4,4,3,6,4,3,1,2,2
1175,28,Female,Married,1,"Life Sciences",1,Y,12,Yes,3,1,2515,22955,1485,79,11,0,80,"Research & Development","Laboratory Technician",1,3,4,Yes,Travel_Rarely,3,4,2,1,1,1,0,0,4
1177,26,Male,Married,4,Medical,1,Y,3,No,4,1,4420,13421,1384,82,22,1,80,"Research & Development","Laboratory Technician",1,4,4,No,Travel_Rarely,1,2,3,8,8,7,0,7,2
1179,30,Male,Married,3,Marketing,1,Y,10,No,3,1,6578,2706,852,72,18,1,80,Sales,"Sales Executive",2,2,3,No,Travel_Rarely,3,1,3,10,10,3,1,4,3
1180,40,Female,Married,2,Medical,3,Y,26,No,3,1,4422,21203,902,92,13,1,80,"Research & Development","Research Scientist",2,2,4,Yes,Travel_Frequently,3,4,1,16,1,1,0,0,3
1182,35,Male,Divorced,3,"Life Sciences",2,Y,2,No,3,1,10274,19588,819,44,18,1,80,"Research & Development","Manufacturing Director",3,2,2,No,Travel_Rarely,3,2,4,15,7,7,6,4,2
1184,34,Male,Single,3,Medical,0,Y,1,No,4,1,5343,25755,669,97,20,0,80,"Research & Development","Healthcare Representative",2,2,1,No,Travel_Frequently,4,3,3,14,13,9,4,9,3
1185,35,Male,Married,4,Other,1,Y,4,No,3,1,2376,26537,636,47,13,1,80,"Research & Development","Laboratory Technician",1,2,4,No,Travel_Frequently,4,2,4,2,2,2,2,2,2
1188,43,Female,Single,3,Marketing,8,Y,9,Yes,3,1,5346,9489,1372,85,13,0,80,Sales,"Sales Executive",2,1,3,No,Travel_Rarely,1,2,2,7,4,3,1,3,2
1190,32,Female,Divorced,1,"Life Sciences",1,Y,2,No,3,1,2827,14947,862,76,12,3,80,Sales,"Sales Representative",1,3,1,No,Non-Travel,3,3,3,1,1,0,0,0,3
1191,56,Female,Divorced,4,"Technical Degree",4,Y,4,No,3,1,19943,18575,718,92,13,1,80,"Research & Development",Manager,5,3,1,No,Travel_Rarely,4,4,3,28,5,2,4,2,2
1192,29,Female,Married,1,Medical,1,Y,6,No,3,1,3131,26342,1401,54,13,1,80,"Research & Development","Laboratory Technician",1,3,4,No,Travel_Rarely,2,1,3,10,10,8,0,8,5
1193,19,Male,Single,2,"Life Sciences",1,Y,9,No,4,1,2552,7172,645,54,25,0,80,"Research & Development","Research Scientist",1,3,1,No,Travel_Rarely,3,3,3,1,1,1,0,0,4
1195,45,Female,Married,3,Medical,4,Y,7,No,3,1,4477,20100,1457,83,19,1,80,"Research & Development","Research Scientist",1,3,3,Yes,Travel_Rarely,1,3,2,7,3,2,0,2,2
1196,37,Female,Married,3,"Life Sciences",1,Y,1,No,3,1,6474,9961,977,56,13,1,80,"Research & Development","Manufacturing Director",2,2,4,No,Travel_Rarely,4,2,2,14,14,8,3,11,2
1198,20,Male,Single,3,"Life Sciences",1,Y,3,No,3,1,3033,12828,805,87,12,0,80,"Research & Development","Laboratory Technician",1,2,3,No,Travel_Rarely,1,1,2,2,2,2,1,2,2
1200,44,Male,Single,4,"Life Sciences",1,Y,10,Yes,3,1,2936,10826,1097,96,11,0,80,"Research & Development","Research Scientist",1,3,3,Yes,Travel_Rarely,3,3,3,6,6,4,0,2,4
1201,53,Female,Divorced,2,Medical,3,Y,7,No,3,1,18606,18640,1223,50,18,1,80,"Research & Development",Manager,5,3,3,No,Travel_Rarely,4,2,3,26,7,7,4,7,6
1202,29,Female,Married,1,"Life Sciences",0,Y,15,No,3,1,2168,26933,942,69,18,1,80,"Research & Development","Research Scientist",1,1,4,Yes,Travel_Rarely,2,1,2,6,5,4,1,3,2
1203,22,Male,Married,4,"Life Sciences",0,Y,3,Yes,3,1,2853,4223,1256,48,11,1,80,"Research & Development","Research Scientist",1,2,4,Yes,Travel_Frequently,3,2,3,1,0,0,0,0,5
1204,46,Female,Married,3,Marketing,8,Y,2,No,4,1,17048,24097,1402,69,23,0,80,Sales,Manager,4,3,1,No,Travel_Rarely,3,1,3,28,26,15,15,9,2
1206,44,Male,Single,3,"Life Sciences",2,Y,17,No,3,1,2290,4279,111,74,13,0,80,"Research & Development","Research Scientist",1,1,3,No,Non-Travel,4,4,3,6,0,0,0,0,3
1207,33,Male,Married,3,"Human Resources",1,Y,2,No,3,1,3600,8429,147,99,13,1,80,"Human Resources","Human Resources",1,3,3,No,Travel_Rarely,2,4,3,5,5,4,1,4,2
1210,41,Male,Divorced,2,"Life Sciences",6,Y,5,Yes,3,1,2107,20293,906,95,17,1,80,"Research & Development","Research Scientist",1,2,1,No,Non-Travel,1,1,1,5,1,0,0,0,2
1211,30,Male,Divorced,4,"Life Sciences",8,Y,29,No,3,1,4115,13192,1329,61,19,3,80,Sales,"Sales Executive",2,3,1,No,Travel_Rarely,3,3,3,8,4,3,0,3,3
1212,40,Male,Married,4,Medical,5,Y,2,No,3,1,4327,25440,1184,62,12,3,80,Sales,"Sales Executive",2,3,2,No,Travel_Frequently,2,4,3,5,0,0,0,0,2
1215,50,Female,Married,3,Medical,2,Y,2,No,4,1,17856,9490,1421,30,22,1,80,"Research & Development",Manager,4,3,1,No,Travel_Frequently,4,3,3,32,2,2,2,2,3
1216,28,Male,Married,4,Medical,1,Y,19,No,3,1,3196,12449,1179,78,12,3,80,"Research & Development","Laboratory Technician",1,2,1,No,Travel_Rarely,4,3,3,6,6,5,3,3,2
1217,46,Male,Married,2,"Life Sciences",5,Y,15,No,3,1,19081,10849,1450,52,11,1,80,"Research & Development","Research Director",5,3,2,No,Travel_Rarely,4,1,3,25,4,2,0,3,2
1218,35,Male,Married,4,"Life Sciences",3,Y,17,No,3,1,8966,21026,1361,94,15,3,80,Sales,"Sales Executive",2,3,1,Yes,Travel_Rarely,3,4,3,15,7,7,1,7,2
1219,24,Female,Married,2,"Life Sciences",1,Y,17,Yes,3,1,2210,3372,984,97,13,1,80,"Research & Development","Laboratory Technician",1,3,2,No,Travel_Rarely,4,1,1,1,1,0,0,0,3
1220,33,Female,Married,3,Medical,1,Y,25,No,3,1,4539,4905,1146,82,12,1,80,Sales,"Sales Executive",2,3,3,No,Travel_Frequently,2,1,2,10,10,7,0,1,3
1221,36,Male,Divorced,4,"Life Sciences",1,Y,6,No,3,1,2741,6865,917,60,14,1,80,"Research & Development","Laboratory Technician",1,1,3,No,Travel_Rarely,3,3,3,7,7,7,1,7,4
1224,30,Male,Divorced,4,"Life Sciences",1,Y,7,No,3,1,3491,11309,853,49,13,3,80,"Research & Development","Laboratory Technician",2,3,3,No,Travel_Rarely,3,1,2,10,10,7,8,9,4
1225,44,Male,Single,4,Other,1,Y,29,No,4,1,4541,7744,200,32,25,0,80,"Research & Development","Research Scientist",2,3,4,No,Travel_Rarely,4,2,3,20,20,11,13,17,3
1226,20,Male,Single,3,Marketing,1,Y,21,No,3,1,2678,5050,654,43,17,0,80,Sales,"Sales Representative",1,4,4,No,Travel_Rarely,3,4,3,2,2,1,2,2,2
1228,46,Male,Divorced,4,"Technical Degree",2,Y,2,No,3,1,7379,17433,150,60,11,1,80,"Research & Development","Manufacturing Director",2,3,4,No,Travel_Rarely,4,3,2,12,6,3,1,4,3
1231,42,Male,Married,5,Medical,7,Y,2,No,3,1,6272,12858,179,79,16,1,80,"Human Resources","Human Resources",2,4,1,No,Non-Travel,4,1,4,10,4,3,0,3,3
1233,60,Male,Divorced,4,Marketing,0,Y,7,No,3,1,5220,10893,696,52,18,1,80,Sales,"Sales Executive",2,4,4,Yes,Travel_Rarely,2,2,3,12,11,7,1,9,3
1234,32,Female,Married,3,Other,1,Y,13,No,4,1,2743,7331,116,77,20,1,80,"Research & Development","Laboratory Technician",1,2,2,No,Travel_Frequently,3,3,3,2,2,2,2,2,2
1235,32,Female,Single,2,"Life Sciences",4,Y,2,No,3,1,4998,2338,1316,38,14,0,80,"Research & Development","Research Scientist",2,3,3,Yes,Travel_Frequently,4,4,3,10,8,7,0,7,2
1237,36,Female,Divorced,3,"Technical Degree",2,Y,1,No,4,1,10252,4235,363,77,21,1,80,"Research & Development","Manufacturing Director",3,1,1,Yes,Travel_Rarely,3,3,3,17,7,7,7,7,2
1238,33,Male,Married,3,Medical,0,Y,9,No,3,1,2781,6311,117,60,13,1,80,"Research & Development","Research Scientist",1,3,4,No,Travel_Rarely,1,2,3,15,14,10,4,10,5
1239,40,Female,Divorced,3,"Technical Degree",7,Y,10,No,3,1,6852,11591,107,84,12,1,80,Sales,"Sales Executive",2,2,2,No,Travel_Rarely,2,2,4,7,5,1,1,3,2
1240,25,Male,Single,4,"Life Sciences",0,Y,10,No,3,1,4950,20623,1356,57,14,0,80,Sales,"Sales Executive",2,3,4,No,Travel_Rarely,3,2,3,5,4,3,1,1,4
1241,30,Male,Married,3,Medical,0,Y,1,No,4,1,3579,9369,1465,63,21,1,80,"Research & Development","Research Scientist",1,3,2,Yes,Travel_Rarely,4,1,3,12,11,9,5,7,2
1242,42,Female,Married,5,Medical,3,Y,26,No,3,1,13191,23281,458,60,17,0,80,"Research & Development","Research Director",3,3,1,Yes,Travel_Frequently,1,3,3,20,1,0,0,0,6
1243,35,Female,Married,2,Marketing,4,Y,8,No,3,1,10377,13755,1212,78,11,1,80,Sales,"Sales Executive",3,2,4,Yes,Non-Travel,3,2,2,16,13,2,4,12,6
1244,27,Male,Married,3,"Life Sciences",1,Y,14,No,3,1,2235,14377,1103,42,14,2,80,"Research & Development","Research Scientist",1,3,1,Yes,Travel_Rarely,1,4,2,9,9,7,6,8,3
1245,54,Female,Divorced,4,"Life Sciences",7,Y,1,No,3,1,10502,9659,966,53,17,1,80,"Research & Development","Manufacturing Director",3,3,3,No,Travel_Frequently,4,1,1,33,5,4,1,4,2
1246,44,Female,Married,1,"Life Sciences",1,Y,2,No,3,1,2011,19982,1117,72,13,1,80,"Research & Development","Research Scientist",1,4,4,No,Travel_Rarely,1,4,3,10,10,5,7,7,5
1248,19,Female,Single,3,Medical,1,Y,10,Yes,4,1,1859,6148,504,96,25,0,80,"Research & Development","Research Scientist",1,2,2,Yes,Non-Travel,1,2,4,1,1,1,0,0,2
1249,29,Female,Divorced,3,"Life Sciences",1,Y,1,No,3,1,3760,5598,1010,97,15,3,80,"Research & Development","Research Scientist",1,3,4,No,Travel_Rarely,1,1,3,3,3,2,1,2,5
1250,54,Male,Married,3,"Life Sciences",3,Y,3,No,3,1,17779,23474,685,85,14,0,80,"Research & Development","Research Director",4,3,4,No,Travel_Rarely,4,1,3,36,10,9,0,9,2
1251,31,Male,Married,2,Medical,1,Y,11,No,3,1,6833,17089,1332,80,12,0,80,"Research & Development","Healthcare Representative",2,3,1,Yes,Travel_Rarely,3,4,2,6,6,5,0,1,2
1252,31,Female,Single,3,Medical,1,Y,24,No,3,1,6812,17198,1062,96,19,0,80,"Research & Development","Healthcare Representative",2,2,1,No,Travel_Rarely,3,2,3,10,10,9,1,8,2
1254,59,Female,Single,3,"Life Sciences",5,Y,3,No,3,1,5171,16490,326,48,17,0,80,Sales,"Sales Executive",2,2,4,No,Travel_Rarely,3,4,3,13,6,1,0,5,2
1255,43,Male,Married,3,"Life Sciences",3,Y,3,No,3,1,19740,18625,920,96,14,1,80,"Research & Development","Research Director",5,1,4,No,Travel_Rarely,3,2,3,25,8,7,0,7,2
1256,49,Male,Married,2,Medical,2,Y,4,No,3,1,18711,12124,1098,85,13,1,80,"Research & Development",Manager,5,2,3,No,Travel_Rarely,1,3,4,23,1,0,0,0,2
1257,36,Male,Married,3,"Technical Degree",1,Y,3,No,3,1,3692,9256,469,46,12,0,80,"Research & Development","Research Scientist",1,3,2,No,Travel_Frequently,3,3,2,12,11,10,0,7,2
1258,48,Male,Single,2,"Technical Degree",5,Y,2,No,3,1,2559,16620,969,76,11,0,80,"Research & Development","Laboratory Technician",1,4,2,No,Travel_Rarely,4,3,2,7,1,0,0,0,4
1259,27,Male,Divorced,2,"Life Sciences",1,Y,4,No,3,1,2517,3208,1167,76,11,3,80,"Research & Development","Research Scientist",1,3,3,No,Travel_Rarely,1,2,3,5,5,3,0,3,2
1260,29,Male,Divorced,3,"Life Sciences",1,Y,7,No,3,1,6623,4204,1329,82,11,2,80,"Research & Development","Healthcare Representative",2,3,4,Yes,Travel_Rarely,3,2,3,6,6,0,1,0,2
1263,48,Male,Single,3,"Life Sciences",6,Y,1,No,3,1,18265,8733,715,76,12,0,80,"Research & Development","Research Director",5,2,4,No,Travel_Rarely,4,3,4,25,1,0,0,0,3
1264,29,Female,Divorced,3,"Life Sciences",3,Y,1,No,3,1,16124,3423,694,87,14,2,80,"Research & Development","Research Director",4,2,4,No,Travel_Rarely,4,2,2,9,7,7,1,7,2
1265,34,Female,Married,3,"Technical Degree",0,Y,20,No,3,1,2585,21643,1320,89,17,0,80,"Research & Development","Research Scientist",1,4,3,No,Travel_Rarely,3,4,2,2,1,0,0,0,5
1267,44,Male,Married,3,Marketing,7,Y,5,No,3,1,18213,8751,1099,88,11,1,80,Sales,Manager,5,3,2,No,Travel_Rarely,2,3,3,26,22,9,3,10,5
1268,33,Male,Divorced,5,Marketing,0,Y,10,No,3,1,8380,21708,536,82,14,2,80,Sales,"Sales Executive",3,4,3,Yes,Travel_Rarely,4,4,3,10,9,8,0,8,3
1269,19,Female,Single,3,"Life Sciences",1,Y,25,No,3,1,2994,21221,265,57,12,0,80,"Research & Development","Research Scientist",1,4,4,Yes,Travel_Rarely,2,4,3,1,1,0,0,1,2
1270,23,Male,Married,2,"Life Sciences",1,Y,1,No,4,1,1223,16901,373,47,22,1,80,"Research & Development","Research Scientist",1,3,3,No,Travel_Rarely,4,4,3,1,1,0,0,1,2
1273,25,Male,Single,1,"Life Sciences",1,Y,24,Yes,3,1,1118,8040,599,73,14,0,80,Sales,"Sales Representative",1,1,4,Yes,Travel_Frequently,3,4,3,1,1,0,1,0,4
1275,26,Male,Single,2,"Life Sciences",1,Y,4,No,4,1,2875,9973,583,53,20,0,80,"Research & Development","Research Scientist",1,3,4,Yes,Travel_Rarely,3,2,2,8,8,5,2,2,2
1277,45,Female,Single,3,Marketing,2,Y,2,Yes,3,1,18824,2493,1449,94,16,0,80,Sales,Manager,5,1,2,Yes,Travel_Rarely,1,1,3,26,24,10,1,11,2
1278,55,Male,Divorced,1,Medical,1,Y,8,No,3,1,13577,25592,177,37,15,1,80,"Research & Development","Healthcare Representative",4,2,2,Yes,Non-Travel,4,4,3,34,33,9,15,0,3
1279,21,Female,Single,2,"Life Sciences",1,Y,10,Yes,4,1,2625,25308,251,45,20,0,80,"Research & Development","Laboratory Technician",1,2,3,No,Travel_Frequently,1,3,1,2,2,2,2,2,2
1280,46,Female,Married,2,Marketing,2,Y,4,No,3,1,18789,9946,168,33,14,1,80,Sales,Manager,5,2,2,No,Travel_Rarely,4,3,3,26,11,4,0,8,2
1281,34,Female,Single,3,Marketing,0,Y,2,No,3,1,4538,6039,131,86,12,0,80,Sales,"Sales Executive",2,3,1,Yes,Travel_Rarely,3,4,3,4,3,2,0,2,3
1282,51,Male,Divorced,3,"Life Sciences",4,Y,9,No,4,1,19847,19196,237,83,24,1,80,Sales,Manager,5,3,2,Yes,Travel_Frequently,4,1,2,31,29,10,11,10,5
1283,59,Male,Single,4,Medical,6,Y,18,No,3,1,10512,20002,1429,67,12,0,80,"Research & Development","Manufacturing Director",3,3,4,No,Travel_Rarely,4,4,2,25,9,7,5,4,6
1285,34,Female,Divorced,3,Medical,4,Y,19,No,3,1,4444,22534,135,46,13,2,80,"Research & Development","Laboratory Technician",2,3,2,No,Travel_Frequently,3,3,4,15,11,8,5,10,2
1286,28,Male,Single,4,Medical,0,Y,1,No,3,1,2154,6842,791,44,11,0,80,"Research & Development","Laboratory Technician",1,3,3,Yes,Travel_Frequently,4,3,2,5,4,2,0,2,2
1288,44,Male,Divorced,2,"Life Sciences",1,Y,4,No,3,1,19190,17477,1199,92,14,2,80,"Research & Development",Manager,5,4,1,No,Travel_Rarely,3,4,2,26,25,9,14,13,4
1289,34,Male,Married,3,"Life Sciences",4,Y,11,No,3,1,4490,21833,648,56,11,2,80,"Human Resources","Human Resources",2,2,2,No,Travel_Frequently,3,4,4,14,10,9,1,8,5
1291,35,Male,Married,1,"Life Sciences",0,Y,6,No,3,1,3506,6020,735,66,14,0,80,"Research & Development","Research Scientist",1,3,3,Yes,Travel_Rarely,3,4,3,4,3,2,2,2,3
1292,42,Female,Married,4,Medical,6,Y,7,No,3,1,2372,5628,603,78,16,0,80,"Research & Development","Research Scientist",2,4,2,Yes,Travel_Rarely,2,4,3,18,1,0,0,0,2
1293,43,Female,Single,4,Marketing,3,Y,4,No,3,1,10231,20364,531,56,14,0,80,Sales,"Sales Executive",3,2,4,No,Travel_Rarely,4,4,4,23,21,7,15,17,3
1294,36,Female,Single,4,"Life Sciences",9,Y,2,No,3,1,5410,2323,429,53,11,0,80,"Research & Development","Manufacturing Director",2,3,2,Yes,Travel_Rarely,3,4,3,18,16,14,5,12,2
1295,44,Female,Married,3,Medical,1,Y,15,Yes,3,1,7978,14075,621,73,11,1,80,"Research & Development","Healthcare Representative",3,3,4,No,Travel_Rarely,1,4,3,10,10,7,0,5,2
1296,28,Male,Married,3,"Life Sciences",1,Y,2,No,3,1,3867,14222,193,52,12,1,80,"Research & Development","Laboratory Technician",1,2,4,Yes,Travel_Frequently,4,2,3,2,2,2,2,2,2
1297,51,Female,Single,2,Medical,0,Y,6,No,3,1,2838,4257,968,40,14,0,80,"Research & Development","Laboratory Technician",1,2,3,No,Travel_Frequently,2,2,2,8,7,0,7,7,6
1298,30,Female,Single,2,Medical,7,Y,9,No,3,1,4695,12858,879,72,18,0,80,"Research & Development","Manufacturing Director",2,3,3,Yes,Non-Travel,3,3,3,10,8,4,1,7,3
1299,29,Female,Divorced,3,"Technical Degree",3,Y,7,Yes,3,1,3339,17285,806,39,13,2,80,"Research & Development","Laboratory Technician",1,3,3,Yes,Travel_Rarely,2,1,3,10,7,7,7,7,2
1301,28,Male,Single,3,"Technical Degree",2,Y,1,No,3,1,2080,4732,640,84,11,0,80,"Research & Development","Research Scientist",1,3,1,No,Travel_Rarely,4,2,2,5,3,2,1,2,2
1303,25,Female,Single,3,Medical,1,Y,1,No,3,1,2096,18830,266,40,18,0,80,"Research & Development","Research Scientist",1,3,2,No,Travel_Rarely,4,4,2,2,2,2,2,1,3
1304,32,Male,Married,3,Medical,1,Y,8,No,3,1,6209,11693,604,56,15,2,80,Sales,"Sales Executive",2,4,4,No,Travel_Rarely,3,3,4,10,10,7,0,8,4
1306,45,Female,Single,3,Medical,3,Y,25,No,4,1,18061,13035,364,83,22,0,80,"Research & Development",Manager,5,3,2,No,Travel_Frequently,2,3,3,22,0,0,0,0,4
1307,39,Female,Divorced,4,Medical,6,Y,13,No,3,1,17123,17334,412,94,13,2,80,"Research & Development",Manager,4,2,2,Yes,Travel_Rarely,3,4,3,21,19,9,15,2,4
1308,58,Male,Divorced,4,"Life Sciences",1,Y,23,No,3,1,2372,26076,848,88,12,2,80,"Research & Development","Research Scientist",1,3,3,No,Travel_Rarely,1,4,3,2,2,2,2,2,3
1309,32,Male,Married,2,"Life Sciences",1,Y,7,Yes,3,1,4883,22845,1089,79,18,1,80,"Research & Development","Laboratory Technician",2,3,3,No,Travel_Rarely,4,1,3,10,10,4,1,1,3
1310,39,Male,Single,3,Medical,0,Y,23,Yes,3,1,3904,22154,360,93,13,0,80,"Research & Development","Research Scientist",1,3,1,No,Travel_Rarely,3,1,3,6,5,2,0,3,2
1311,30,Female,Married,3,"Technical Degree",0,Y,6,No,3,1,4627,23631,1138,48,12,1,80,"Research & Development","Laboratory Technician",2,2,4,No,Travel_Rarely,1,1,3,10,9,2,6,7,6
1312,36,Female,Married,4,"Technical Degree",3,Y,10,No,3,1,7094,5747,325,63,12,0,80,"Research & Development","Healthcare Representative",3,3,3,No,Travel_Rarely,4,1,3,10,7,7,1,7,0
1314,46,Female,Single,2,"Life Sciences",6,Y,1,No,3,1,3423,22957,991,44,12,0,80,"Human Resources","Human Resources",1,3,1,No,Travel_Rarely,4,3,4,10,7,6,5,7,3
1315,28,Female,Married,3,"Life Sciences",0,Y,1,No,3,1,6674,16392,1476,55,11,3,80,"Research & Development","Laboratory Technician",2,1,4,No,Non-Travel,3,1,3,10,9,8,7,5,6
1317,50,Female,Married,3,"Life Sciences",4,Y,28,No,3,1,16880,22422,1322,43,11,0,80,"Research & Development","Research Director",4,3,1,Yes,Travel_Rarely,4,2,3,25,3,2,1,2,2
1318,40,Male,Single,4,Marketing,2,Y,25,Yes,3,1,9094,17235,299,57,12,0,80,Sales,"Sales Executive",3,2,2,Yes,Travel_Rarely,4,3,3,9,5,4,1,0,2
1319,52,Male,Single,3,"Life Sciences",9,Y,5,Yes,3,1,8446,21534,1030,64,19,0,80,Sales,"Sales Executive",3,3,2,Yes,Travel_Rarely,2,3,2,10,8,7,7,7,2
1321,30,Female,Married,4,Medical,1,Y,17,No,4,1,11916,25927,634,95,23,2,80,"Research & Development",Manager,3,3,1,Yes,Travel_Rarely,2,4,3,9,9,1,0,8,2
1322,39,Male,Single,2,"Life Sciences",0,Y,18,No,3,1,4534,13352,524,32,11,0,80,"Research & Development","Manufacturing Director",2,3,3,No,Travel_Rarely,1,1,3,9,8,7,1,7,6
1324,31,Female,Divorced,4,"Life Sciences",1,Y,2,No,3,1,9852,8935,587,57,19,1,80,Sales,"Sales Executive",3,3,3,Yes,Non-Travel,4,1,2,10,10,8,9,6,5
1329,41,Male,Single,2,Medical,1,Y,10,No,3,1,6151,22074,256,40,13,0,80,Sales,"Sales Executive",2,1,2,No,Non-Travel,3,1,3,19,19,2,11,9,4
1331,31,Female,Single,3,"Life Sciences",1,Y,1,Yes,3,1,2302,8319,1060,54,11,0,80,Sales,"Sales Representative",1,3,2,Yes,Travel_Frequently,4,1,4,3,3,2,2,2,2
1333,44,Male,Married,3,"Life Sciences",4,Y,3,Yes,3,1,2362,14669,935,89,12,0,80,"Research & Development","Laboratory Technician",1,3,1,No,Travel_Rarely,1,3,4,10,3,2,1,2,4
1334,42,Male,Married,1,"Life Sciences",0,Y,2,No,3,1,17861,26582,495,37,13,0,80,"Research & Development",Manager,4,3,3,Yes,Non-Travel,3,4,2,21,20,8,2,10,3
1336,55,Female,Married,2,Medical,4,Y,2,No,3,1,19187,6992,282,58,14,1,80,"Research & Development",Manager,5,1,3,No,Travel_Rarely,4,4,3,23,19,9,9,11,5
1338,56,Male,Single,4,"Life Sciences",6,Y,8,No,3,1,19717,4022,206,99,14,0,80,"Human Resources",Manager,5,3,2,No,Travel_Rarely,4,1,3,36,7,3,7,7,4
1340,40,Male,Divorced,2,"Life Sciences",9,Y,16,No,3,1,3544,8532,458,74,16,1,80,"Research & Development","Research Scientist",1,3,3,No,Non-Travel,3,2,3,6,4,2,0,0,0
1344,34,Male,Divorced,3,"Life Sciences",0,Y,9,No,3,1,8500,5494,943,86,11,1,80,"Research & Development","Healthcare Representative",3,3,4,No,Travel_Rarely,4,4,2,10,9,7,1,6,0
1346,40,Male,Single,3,"Life Sciences",1,Y,2,No,3,1,4661,22455,523,98,13,0,80,"Research & Development","Research Scientist",2,3,4,No,Travel_Rarely,3,3,3,9,9,8,8,8,4
1349,41,Female,Divorced,3,Marketing,0,Y,1,No,3,1,4103,4297,1018,66,17,1,80,Sales,"Sales Executive",2,3,1,No,Travel_Frequently,3,4,3,10,9,3,1,7,2
1350,35,Male,Single,4,"Life Sciences",1,Y,4,No,3,1,4249,2690,482,87,11,0,80,"Research & Development","Research Scientist",2,3,3,Yes,Travel_Frequently,3,2,3,9,9,6,1,1,3
1352,51,Male,Divorced,3,"Life Sciences",1,Y,5,No,3,1,14026,17588,770,84,11,1,80,"Human Resources",Manager,4,3,2,Yes,Travel_Rarely,3,2,3,33,33,9,0,10,2
1355,38,Female,Divorced,2,"Life Sciences",3,Y,2,No,3,1,6893,19461,1009,31,15,1,80,Sales,"Sales Executive",2,3,1,No,Travel_Rarely,2,4,3,11,7,7,1,7,3
1356,34,Female,Single,2,Medical,1,Y,15,No,3,1,6125,23553,507,66,12,0,80,Sales,"Sales Executive",2,3,1,No,Travel_Rarely,3,4,4,10,10,8,9,6,6
1358,25,Male,Married,1,Medical,3,Y,19,No,3,1,3669,9075,882,67,11,3,80,"Research & Development","Laboratory Technician",1,3,4,No,Travel_Rarely,4,3,2,7,3,2,1,2,6
1360,58,Female,Married,4,Medical,7,Y,7,Yes,3,1,10008,12023,601,53,14,0,80,"Research & Development","Manufacturing Director",3,2,1,Yes,Travel_Rarely,3,4,2,31,10,9,5,9,0
1361,40,Male,Married,4,"Life Sciences",3,Y,1,No,4,1,2387,6762,329,88,22,1,80,"Research & Development","Laboratory Technician",1,3,2,No,Travel_Rarely,2,3,3,7,4,2,0,3,3
1362,36,Female,Married,3,Marketing,2,Y,7,No,3,1,4639,2261,607,83,16,1,80,Sales,"Sales Executive",2,4,1,No,Travel_Frequently,1,4,2,17,15,7,6,13,2
1363,48,Male,Single,3,"Life Sciences",1,Y,4,No,3,1,7898,18706,855,54,11,0,80,"Research & Development","Manufacturing Director",3,3,4,No,Travel_Rarely,4,3,3,11,10,9,0,8,2
1364,27,Female,Married,3,Medical,8,Y,11,No,3,1,2534,6527,1291,98,14,1,80,Sales,"Sales Representative",1,4,4,No,Travel_Rarely,3,2,3,5,1,0,0,0,4
1367,51,Female,Single,2,"Technical Degree",3,Y,11,No,3,1,13142,24439,1405,82,16,0,80,"Research & Development","Manufacturing Director",4,2,2,No,Travel_Rarely,4,2,2,29,5,2,0,3,1
1368,18,Female,Single,3,"Life Sciences",1,Y,1,No,3,1,1611,19305,1124,97,15,0,80,"Research & Development","Laboratory Technician",1,3,4,No,Non-Travel,4,3,4,0,0,0,0,0,5
1369,35,Female,Married,3,Medical,0,Y,1,No,3,1,5363,10846,817,60,12,1,80,"Research & Development","Laboratory Technician",2,2,4,No,Travel_Rarely,4,2,3,10,9,7,0,0,0
1371,27,Male,Single,1,"Life Sciences",3,Y,2,No,4,1,5071,20392,793,43,20,0,80,Sales,"Sales Executive",2,1,4,No,Travel_Frequently,4,2,3,8,6,2,0,0,3
1372,55,Male,Single,4,Marketing,6,Y,13,Yes,3,1,13695,9277,267,85,17,0,80,Sales,"Sales Executive",4,4,3,Yes,Travel_Rarely,1,3,2,24,19,7,3,8,2
1373,56,Male,Married,3,"Life Sciences",4,Y,23,No,3,1,13402,18235,1369,68,12,1,80,"Research & Development","Manufacturing Director",4,3,2,Yes,Travel_Rarely,4,1,3,33,19,16,15,9,0
1374,34,Female,Divorced,1,"Technical Degree",1,Y,26,No,4,1,2029,15891,999,92,20,3,80,"Research & Development","Research Scientist",1,2,3,No,Non-Travel,1,3,3,5,5,4,0,0,2
1375,40,Female,Divorced,1,Medical,5,Y,2,No,4,1,6377,13888,1202,89,20,3,80,"Research & Development","Healthcare Representative",2,4,3,No,Travel_Rarely,2,2,3,15,12,11,11,8,0
1377,34,Male,Married,3,Medical,4,Y,29,No,3,1,5429,17491,285,86,13,2,80,"Research & Development","Laboratory Technician",2,3,3,No,Travel_Rarely,2,1,3,10,8,7,7,7,1
1379,31,Female,Single,3,"Life Sciences",7,Y,2,Yes,3,1,2785,11882,703,90,14,0,80,Sales,"Sales Representative",1,2,4,No,Travel_Frequently,3,3,4,3,1,0,0,0,3
1380,35,Female,Married,4,Marketing,0,Y,18,Yes,3,1,4614,23288,662,67,18,1,80,Sales,"Sales Executive",2,3,3,Yes,Travel_Frequently,4,3,2,5,4,2,3,2,0
1382,38,Male,Divorced,3,"Life Sciences",1,Y,7,No,3,1,2610,15748,693,57,11,3,80,"Research & Development","Research Scientist",1,4,3,No,Travel_Frequently,4,4,3,4,4,2,0,3,2
1383,34,Female,Single,4,"Technical Degree",1,Y,2,No,3,1,6687,6163,404,98,11,0,80,"Research & Development","Healthcare Representative",2,3,4,No,Travel_Rarely,3,4,4,14,14,11,4,11,2
1387,28,Male,Married,3,"Life Sciences",1,Y,26,No,3,1,4724,24232,736,48,11,1,80,Sales,"Sales Executive",2,2,1,No,Travel_Rarely,3,3,3,5,5,3,0,4,0
1389,31,Male,Married,4,Medical,1,Y,22,Yes,3,1,6179,21057,330,98,15,2,80,"Research & Development","Manufacturing Director",2,3,3,Yes,Travel_Rarely,4,4,2,10,10,2,6,7,3
1390,39,Male,Married,4,"Life Sciences",3,Y,21,No,3,1,6120,3567,1498,44,12,2,80,Sales,"Sales Executive",2,2,4,Yes,Travel_Rarely,1,4,4,8,5,4,1,4,2
1391,51,Male,Married,3,Marketing,2,Y,2,No,3,1,10596,15395,541,52,11,0,80,Sales,"Sales Executive",3,3,2,No,Travel_Frequently,2,2,3,14,4,2,3,2,5
1392,41,Female,Divorced,3,"Life Sciences",3,Y,22,No,3,1,5467,13953,1200,75,14,2,80,"Research & Development","Research Scientist",2,3,4,Yes,Travel_Frequently,4,1,2,12,6,2,3,3,4
1394,37,Male,Married,1,"Life Sciences",7,Y,4,No,3,1,2996,5182,1439,54,15,0,80,"Research & Development","Research Scientist",1,3,3,Yes,Travel_Rarely,3,4,3,8,6,4,1,3,2
1395,33,Male,Married,1,"Life Sciences",6,Y,5,No,3,1,9998,19293,1111,61,13,0,80,Sales,"Sales Executive",2,3,4,No,Travel_Frequently,2,1,4,8,5,4,1,2,2
1396,32,Male,Married,1,Marketing,0,Y,2,No,3,1,4078,20497,499,36,13,3,80,Sales,"Sales Executive",2,3,2,Yes,Travel_Rarely,3,1,2,4,3,2,1,2,3
1397,39,Male,Married,2,"Life Sciences",3,Y,25,No,4,1,10920,3449,1485,71,21,1,80,"Research & Development","Healthcare Representative",3,3,3,No,Non-Travel,3,2,3,13,6,4,0,5,2
1399,25,Male,Married,1,"Life Sciences",2,Y,18,No,3,1,6232,12477,1372,93,11,0,80,Sales,"Sales Executive",2,4,3,No,Travel_Rarely,1,2,2,6,3,2,1,2,3
1401,52,Female,Married,2,Medical,2,Y,28,No,3,1,13247,9731,322,59,11,1,80,"Research & Development","Manufacturing Director",4,4,3,Yes,Travel_Frequently,4,2,2,24,5,3,0,2,3
1402,43,Female,Single,3,Medical,1,Y,6,No,3,1,4081,20003,930,73,14,0,80,"Research & Development","Research Scientist",2,2,3,Yes,Travel_Rarely,1,1,1,20,20,7,1,8,3
1403,27,Female,Married,3,Marketing,1,Y,10,No,3,1,5769,7100,205,98,11,0,80,Sales,"Sales Executive",2,2,4,Yes,Travel_Rarely,4,4,3,6,6,2,4,4,3
1405,27,Female,Single,4,"Life Sciences",1,Y,17,Yes,3,1,2394,25681,135,51,13,0,80,"Research & Development","Research Scientist",1,3,3,Yes,Travel_Rarely,4,4,3,8,8,2,7,7,2
1407,26,Male,Single,1,Medical,0,Y,2,No,3,1,3904,4050,683,36,12,0,80,"Research & Development","Research Scientist",1,2,4,No,Travel_Rarely,1,4,3,5,4,3,1,1,2
1408,42,Female,Married,3,"Human Resources",0,Y,10,No,3,1,16799,16616,1147,31,14,1,80,"Human Resources",Manager,4,3,1,No,Travel_Rarely,3,3,3,21,20,7,0,9,5
1409,52,Female,Married,4,Other,9,Y,8,No,3,1,2950,17363,258,54,13,0,80,"Research & Development","Laboratory Technician",1,3,1,No,Travel_Rarely,3,3,1,12,5,4,0,4,2
1411,37,Female,Single,3,Medical,4,Y,11,No,3,1,3629,19106,1462,94,18,0,80,"Research & Development","Laboratory Technician",1,3,3,No,Travel_Rarely,1,1,3,8,3,2,0,2,6
1412,35,Male,Single,2,"Life Sciences",2,Y,18,No,3,1,9362,19944,200,60,11,0,80,"Research & Development","Manufacturing Director",3,3,4,No,Travel_Frequently,3,3,3,10,2,2,2,2,2
1415,25,Male,Married,3,"Technical Degree",4,Y,1,No,3,1,3229,4910,949,81,11,1,80,"Research & Development","Laboratory Technician",1,3,4,No,Travel_Rarely,1,2,2,7,3,2,0,2,2
1417,26,Male,Single,3,Other,0,Y,7,No,3,1,3578,23577,652,100,12,0,80,"Research & Development","Laboratory Technician",1,4,1,No,Travel_Rarely,3,4,3,8,7,7,0,7,2
1419,29,Male,Single,3,Other,1,Y,17,No,3,1,7988,9769,332,51,13,0,80,"Human Resources","Human Resources",3,2,1,No,Travel_Rarely,2,1,2,10,10,9,0,9,3
1420,49,Male,Single,2,"Life Sciences",3,Y,28,Yes,4,1,4284,22710,1475,97,20,0,80,"Research & Development","Laboratory Technician",2,2,1,No,Travel_Frequently,1,1,3,20,4,3,1,3,2
1421,29,Female,Single,1,Other,0,Y,14,Yes,3,1,7553,22930,337,84,12,0,80,"Research & Development","Healthcare Representative",3,3,4,Yes,Travel_Frequently,3,1,3,9,8,7,7,7,1
1422,54,Female,Single,3,Medical,6,Y,1,No,3,1,17328,5652,971,54,19,0,80,"Research & Development","Research Director",4,3,4,No,Travel_Rarely,4,4,2,29,20,7,12,7,3
1423,58,Female,Married,3,Medical,3,Y,1,No,4,1,19701,22456,1055,76,21,1,80,"Research & Development","Research Director",5,3,1,Yes,Travel_Rarely,4,3,3,32,9,8,1,5,3
1424,55,Male,Divorced,4,Medical,2,Y,1,No,3,1,14732,12414,1136,81,13,2,80,"Research & Development","Research Director",4,4,4,No,Travel_Rarely,2,4,4,31,7,7,0,0,4
1425,36,Female,Single,4,Marketing,3,Y,3,No,3,1,9278,20763,1174,99,16,0,80,Sales,"Sales Executive",2,3,2,Yes,Travel_Rarely,1,4,3,15,5,4,0,1,3
1427,31,Female,Single,4,"Life Sciences",1,Y,1,Yes,3,1,1359,16154,667,50,12,0,80,Sales,"Sales Representative",1,1,3,No,Travel_Frequently,2,2,3,1,1,0,0,0,3
1428,30,Female,Divorced,4,Marketing,7,Y,7,No,3,1,4779,12761,855,73,14,2,80,Sales,"Sales Executive",2,3,1,No,Travel_Rarely,4,2,3,8,3,2,0,2,3
1430,31,Female,Single,5,"Life Sciences",3,Y,8,No,3,1,16422,8847,182,93,11,0,80,"Research & Development","Research Director",4,3,2,No,Travel_Rarely,1,3,4,9,3,2,1,0,3
1431,34,Male,Divorced,4,Other,5,Y,1,No,3,1,2996,20284,560,91,14,2,80,"Research & Development","Research Scientist",1,3,1,No,Travel_Frequently,4,3,3,10,4,3,1,3,2
1433,31,Female,Single,3,"Life Sciences",1,Y,8,Yes,3,1,1261,22262,202,34,12,0,80,"Research & Development","Research Scientist",1,2,2,No,Travel_Rarely,1,3,4,1,1,0,0,0,3
1434,27,Male,Married,1,"Life Sciences",0,Y,11,No,3,1,2099,7679,1377,91,14,0,80,"Research & Development","Laboratory Technician",1,3,1,No,Travel_Rarely,2,2,4,6,5,0,1,4,3
1435,36,Male,Single,4,"Life Sciences",1,Y,4,No,3,1,5810,22604,172,37,16,0,80,"Research & Development","Laboratory Technician",2,2,4,No,Travel_Rarely,1,3,2,10,10,4,1,8,2
1436,36,Female,Married,4,Marketing,4,Y,16,No,3,1,5647,13494,329,98,13,2,80,Sales,"Sales Executive",2,2,1,No,Travel_Rarely,3,1,2,11,3,2,0,2,3
1438,47,Male,Married,3,"Technical Degree",7,Y,1,No,3,1,3420,10205,465,74,12,1,80,"Research & Development","Research Scientist",1,3,4,No,Travel_Rarely,1,3,2,17,6,5,1,2,2
1439,25,Male,Married,2,"Life Sciences",3,Y,9,Yes,3,1,4400,15182,383,68,12,0,80,Sales,"Sales Representative",1,2,1,No,Travel_Rarely,1,1,3,6,3,2,2,2,2
1440,37,Male,Single,2,"Technical Degree",0,Y,5,No,3,1,3500,25470,1413,84,14,0,80,"Research & Development","Laboratory Technician",1,4,3,No,Non-Travel,3,1,1,7,6,5,1,3,2
1441,56,Female,Married,2,"Life Sciences",2,Y,1,No,4,1,2066,10494,1255,90,22,1,80,"Research & Development","Research Scientist",1,3,1,No,Travel_Rarely,1,4,4,5,3,2,1,0,3
1443,47,Female,Married,4,Medical,3,Y,2,No,3,1,17169,26703,359,82,19,2,80,"Research & Development","Research Director",4,3,3,No,Travel_Rarely,1,2,4,26,20,17,5,6,2
1445,24,Female,Married,1,Medical,1,Y,4,No,3,1,4162,15211,1476,42,12,2,80,Sales,"Sales Executive",2,3,3,Yes,Travel_Rarely,4,3,3,5,5,4,0,3,3
1446,32,Male,Married,5,Marketing,4,Y,7,No,3,1,9204,23343,601,97,12,1,80,Sales,"Sales Executive",2,3,4,No,Travel_Rarely,4,3,2,7,4,3,0,3,3
1447,34,Female,Married,3,"Life Sciences",5,Y,1,No,3,1,3294,3708,401,86,17,1,80,"Research & Development","Laboratory Technician",1,2,2,No,Travel_Rarely,4,1,2,7,5,4,0,2,2
1448,41,Male,Married,5,Medical,2,Y,5,No,3,1,2127,5561,1283,90,12,0,80,"Research & Development","Research Scientist",1,4,3,Yes,Travel_Rarely,2,1,2,7,4,2,0,3,5
1449,40,Male,Divorced,4,Other,3,Y,9,No,3,1,3975,23099,663,81,11,2,80,"Research & Development","Laboratory Technician",2,3,3,No,Non-Travel,3,3,4,11,8,7,0,7,2
1453,31,Male,Divorced,2,"Life Sciences",1,Y,8,No,3,1,10793,8386,326,31,18,1,80,Sales,"Sales Executive",3,3,4,No,Travel_Rarely,1,1,3,13,13,7,9,9,5
1457,46,Male,Divorced,3,Marketing,4,Y,9,Yes,3,1,10096,15986,377,52,11,1,80,Sales,"Sales Executive",3,3,4,No,Travel_Rarely,1,1,4,28,7,7,4,3,1
1458,39,Female,Single,3,"Life Sciences",2,Y,2,Yes,4,1,3646,17181,592,54,23,0,80,"Research & Development","Laboratory Technician",1,2,1,Yes,Non-Travel,1,2,4,11,1,0,0,0,2
1459,31,Female,Single,5,"Life Sciences",1,Y,1,Yes,3,1,7446,8931,1445,100,11,0,80,"Research & Development","Manufacturing Director",3,4,2,No,Travel_Frequently,3,1,3,10,10,8,4,7,2
1460,45,Male,Divorced,3,Medical,2,Y,20,No,3,1,10851,19863,1038,95,18,1,80,"Research & Development","Healthcare Representative",3,1,1,Yes,Travel_Rarely,2,2,3,24,7,7,0,7,2
1461,31,Female,Single,2,Medical,9,Y,8,No,3,1,2109,24609,1398,96,18,0,80,"Human Resources","Human Resources",1,4,2,No,Travel_Rarely,4,4,3,8,3,2,0,2,3
1464,31,Male,Married,3,"Life Sciences",6,Y,2,Yes,3,1,3722,21081,523,94,13,1,80,"Research & Development","Laboratory Technician",1,3,4,Yes,Travel_Frequently,2,3,1,7,2,2,2,2,2
1465,45,Male,Married,3,"Technical Degree",4,Y,29,No,3,1,9380,14720,1448,55,18,2,80,"Research & Development","Manufacturing Director",3,3,4,Yes,Travel_Rarely,2,4,4,10,3,1,1,2,4
1466,48,Male,Divorced,3,Marketing,4,Y,7,No,3,1,5486,24795,1221,96,11,3,80,Sales,"Sales Executive",2,3,1,No,Travel_Rarely,3,1,3,15,2,2,2,2,3
1467,34,Female,Married,4,"Technical Degree",1,Y,9,Yes,3,1,2742,3072,1107,52,15,0,80,"Human Resources","Human Resources",1,3,3,No,Travel_Rarely,1,4,3,2,2,2,2,2,0
1468,40,Male,Divorced,1,Medical,2,Y,8,No,3,1,13757,25178,218,55,11,1,80,"Research & Development","Research Director",3,2,2,No,Non-Travel,4,3,3,16,9,8,4,8,5
1469,28,Male,Single,3,Medical,0,Y,5,No,3,1,8463,23490,866,84,18,0,80,Sales,"Sales Executive",2,3,1,No,Travel_Rarely,4,4,3,6,5,4,1,3,4
1471,44,Male,Single,3,"Life Sciences",3,Y,5,No,3,1,3162,7973,981,90,14,0,80,"Research & Development","Laboratory Technician",1,2,3,No,Non-Travel,3,4,3,7,5,2,0,3,5
1472,53,Male,Single,3,Medical,4,Y,2,No,3,1,16598,19764,447,39,12,0,80,"Research & Development","Research Director",4,4,2,No,Travel_Rarely,4,2,2,35,9,8,8,8,2
1473,49,Male,Married,4,"Technical Degree",2,Y,5,No,3,1,6651,21534,1495,96,14,1,80,"Research & Development","Healthcare Representative",2,3,3,No,Travel_Rarely,1,2,2,20,3,2,1,2,0
1474,40,Male,Divorced,3,Medical,2,Y,2,No,3,1,2345,8045,896,68,14,1,80,"Research & Development","Research Scientist",1,3,3,No,Travel_Rarely,3,3,4,8,3,1,1,2,3
1475,44,Male,Single,3,"Life Sciences",1,Y,20,No,3,1,3420,21158,1467,49,13,0,80,"Research & Development","Research Scientist",1,3,2,No,Travel_Rarely,4,3,2,6,5,2,1,3,3
1477,33,Male,Married,3,Medical,0,Y,7,No,3,1,4373,17456,430,54,14,2,80,Sales,"Sales Executive",2,3,1,No,Travel_Frequently,4,1,3,5,4,3,0,3,2
1478,34,Male,Single,3,Other,3,Y,3,No,3,1,4759,15891,1326,81,18,0,80,Sales,"Sales Executive",2,1,1,No,Travel_Rarely,4,4,3,15,13,9,3,12,2
1479,30,Male,Married,1,"Life Sciences",8,Y,16,No,3,1,5301,2939,1358,96,15,2,80,Sales,"Sales Executive",2,3,3,No,Travel_Rarely,4,3,2,4,2,1,2,2,2
1480,42,Female,Single,2,Medical,1,Y,9,No,3,1,3673,16458,748,74,13,0,80,"Research & Development","Laboratory Technician",1,3,4,No,Travel_Frequently,1,3,3,12,12,9,5,8,3
1481,44,Female,Married,5,Marketing,7,Y,1,No,3,1,4768,9282,383,79,12,1,80,Sales,"Sales Executive",2,3,3,No,Travel_Frequently,1,3,2,11,1,0,0,0,4
1482,30,Male,Divorced,3,"Technical Degree",1,Y,7,No,3,1,1274,7152,990,64,13,2,80,"Research & Development","Research Scientist",1,3,3,No,Non-Travel,3,2,2,1,1,0,0,0,2
1483,57,Male,Married,2,"Life Sciences",0,Y,1,No,4,1,4900,2721,405,93,24,1,80,"Research & Development","Research Scientist",2,4,3,No,Travel_Rarely,2,1,2,13,12,9,2,8,2
1484,49,Male,Divorced,4,"Life Sciences",3,Y,7,No,3,1,10466,20948,1490,35,14,2,80,"Research & Development","Healthcare Representative",3,3,2,No,Travel_Rarely,3,2,3,29,8,7,0,7,3
1485,34,Male,Divorced,3,Medical,7,Y,15,No,3,1,17007,11929,829,71,14,2,80,"Research & Development","Research Director",4,3,1,No,Travel_Frequently,2,4,2,16,14,8,6,9,3
1486,28,Male,Married,3,"Technical Degree",3,Y,1,Yes,3,1,2909,15747,1496,92,15,1,80,Sales,"Sales Representative",1,3,3,No,Travel_Frequently,1,4,4,5,3,2,1,2,3
1487,29,Female,Single,3,"Technical Degree",5,Y,13,Yes,3,1,5765,17485,115,51,11,0,80,Sales,"Sales Executive",2,3,2,No,Travel_Frequently,1,1,1,7,5,3,0,0,4
1489,34,Female,Single,4,Medical,0,Y,24,Yes,4,1,4599,7815,790,40,23,0,80,Sales,"Sales Executive",2,2,2,Yes,Travel_Rarely,1,3,4,16,15,9,10,10,2
1492,35,Male,Married,1,"Life Sciences",1,Y,7,No,3,1,2404,16192,660,76,13,1,80,Sales,"Sales Representative",1,3,3,No,Travel_Rarely,4,1,3,1,1,0,0,0,3
1494,24,Male,Single,3,Medical,2,Y,9,Yes,3,1,3172,16998,381,89,11,0,80,"Research & Development","Laboratory Technician",1,3,1,Yes,Travel_Frequently,2,3,2,4,0,0,0,0,2
1495,24,Female,Married,2,"Life Sciences",1,Y,13,No,3,1,2033,7103,830,78,13,1,80,Sales,"Sales Representative",1,3,2,No,Non-Travel,4,3,3,1,1,0,0,0,2
1496,44,Male,Single,1,Medical,5,Y,2,No,3,1,10209,19719,1193,86,18,0,80,"Research & Development","Manufacturing Director",3,3,3,Yes,Travel_Frequently,2,2,2,16,2,2,2,2,2
1497,29,Male,Divorced,3,"Life Sciences",1,Y,19,No,3,1,8620,23757,1246,77,14,2,80,Sales,"Sales Executive",2,2,3,No,Travel_Rarely,3,3,3,10,10,7,0,4,3
1499,30,Male,Divorced,3,"Life Sciences",0,Y,1,No,4,1,2064,15428,330,46,21,1,80,"Human Resources","Human Resources",1,3,3,No,Travel_Rarely,3,1,4,6,5,3,1,3,3
1501,55,Male,Married,4,"Life Sciences",0,Y,4,No,3,1,4035,16143,1229,30,16,0,80,"Research & Development","Healthcare Representative",2,3,3,Yes,Travel_Rarely,4,2,3,4,3,2,1,2,2
1502,33,Female,Married,4,Medical,8,Y,4,No,3,1,3838,8192,1099,82,11,0,80,"Research & Development","Laboratory Technician",1,2,2,No,Travel_Rarely,1,4,3,8,5,4,0,2,5
1503,47,Female,Married,3,Medical,3,Y,14,No,3,1,4591,24200,571,78,17,1,80,Sales,"Sales Executive",2,3,3,Yes,Travel_Rarely,3,3,2,11,5,4,1,2,4
1504,28,Male,Single,2,Medical,7,Y,2,Yes,3,1,2561,5355,289,38,11,0,80,"Research & Development","Laboratory Technician",1,2,1,No,Travel_Frequently,3,3,2,8,0,0,0,0,2
1506,28,Male,Divorced,3,"Life Sciences",1,Y,1,No,3,1,1563,12530,1423,72,14,1,80,"Research & Development","Research Scientist",1,2,3,No,Travel_Rarely,1,4,1,1,1,0,0,0,2
1507,28,Male,Single,3,"Life Sciences",0,Y,7,No,3,1,4898,11827,467,55,14,0,80,Sales,"Sales Executive",2,3,1,No,Travel_Frequently,3,4,3,5,4,2,1,3,5
1509,49,Female,Married,2,Medical,4,Y,3,No,4,1,4789,23070,271,43,25,1,80,"Research & Development","Laboratory Technician",2,2,1,No,Travel_Rarely,3,1,3,10,3,2,1,2,3
1513,29,Female,Married,1,"Life Sciences",0,Y,2,No,3,1,3180,4668,410,97,13,3,80,"Research & Development","Laboratory Technician",1,3,2,No,Travel_Frequently,4,3,3,4,3,2,0,2,3
1514,28,Male,Married,1,"Life Sciences",1,Y,29,No,3,1,6549,3173,1083,96,14,2,80,"Research & Development","Manufacturing Director",2,1,2,No,Travel_Rarely,3,2,2,8,8,6,1,7,2
1515,33,Male,Single,5,"Life Sciences",2,Y,8,No,3,1,6388,22049,516,69,17,0,80,"Research & Development","Healthcare Representative",2,3,3,Yes,Travel_Rarely,4,1,3,14,0,0,0,0,6
1516,32,Male,Single,3,Medical,2,Y,10,No,4,1,11244,21072,495,64,25,0,80,"Research & Development",Manager,3,3,4,No,Travel_Rarely,3,2,4,10,5,2,0,0,5
1520,54,Female,Divorced,4,Medical,3,Y,11,No,4,1,16032,24456,1050,87,20,1,80,"Research & Development",Manager,4,3,4,No,Travel_Frequently,2,1,3,26,14,9,1,12,2
1522,29,Male,Single,4,"Technical Degree",6,Y,1,Yes,3,1,2362,7568,224,100,13,0,80,"Research & Development","Research Scientist",1,2,1,No,Travel_Rarely,1,3,1,11,9,7,0,7,2
1523,44,Male,Married,3,"Life Sciences",3,Y,28,No,3,1,16328,22074,136,32,13,1,80,"Research & Development","Research Director",4,3,1,No,Travel_Rarely,4,3,4,24,20,6,14,17,1
1525,39,Female,Single,3,"Life Sciences",4,Y,6,No,3,1,8376,9150,1089,32,18,0,80,"Research & Development","Manufacturing Director",3,3,2,No,Travel_Rarely,2,4,3,9,2,0,2,2,3
1527,46,Female,Married,3,"Life Sciences",8,Y,3,No,3,1,16606,11380,228,51,12,1,80,Sales,Manager,4,3,2,No,Travel_Rarely,3,4,4,23,13,12,5,1,2
1529,35,Female,Single,3,"Life Sciences",1,Y,16,No,3,1,8606,21195,1029,91,19,0,80,"Research & Development","Healthcare Representative",3,2,2,No,Travel_Rarely,4,4,1,11,11,8,3,3,3
1533,23,Male,Single,1,"Life Sciences",0,Y,20,No,3,1,2272,24812,507,97,14,0,80,"Research & Development","Laboratory Technician",2,3,3,No,Travel_Rarely,1,2,3,5,4,3,1,2,2
1534,40,Male,Single,4,"Life Sciences",3,Y,9,Yes,3,1,2018,21831,676,86,14,0,80,"Research & Development","Laboratory Technician",1,3,1,No,Travel_Rarely,4,2,1,15,5,4,1,0,3
1535,34,Male,Married,3,"Technical Degree",1,Y,1,No,3,1,7083,12288,971,64,14,0,80,Sales,"Sales Executive",3,2,3,Yes,Travel_Rarely,4,4,3,10,10,9,8,6,3
1537,31,Female,Single,3,"Life Sciences",1,Y,3,Yes,3,1,4084,4156,561,33,12,0,80,"Research & Development","Research Scientist",1,3,3,No,Travel_Frequently,4,1,1,7,7,2,7,7,2
1539,50,Male,Single,5,Medical,1,Y,22,No,3,1,14411,24450,333,88,13,0,80,"Research & Development","Research Director",4,1,4,Yes,Travel_Frequently,3,4,3,32,32,6,13,9,2
1541,34,Male,Married,2,"Technical Degree",0,Y,7,No,4,1,2308,4944,1440,55,25,1,80,Sales,"Sales Representative",1,3,3,Yes,Travel_Rarely,2,2,3,12,11,10,5,7,4
1542,42,Male,Married,3,Medical,4,Y,2,No,3,1,4841,24052,1210,68,14,1,80,"Research & Development","Laboratory Technician",1,2,2,No,Travel_Rarely,3,2,3,4,1,0,0,0,3
1543,37,Male,Married,3,Medical,1,Y,13,No,3,1,4285,3031,674,47,17,0,80,"Research & Development","Research Scientist",2,3,4,No,Travel_Rarely,1,1,3,10,10,8,3,7,2
1544,29,Female,Married,1,Other,3,Y,8,No,3,1,9715,7288,441,39,13,1,80,"Research & Development","Healthcare Representative",2,1,1,No,Travel_Rarely,3,3,3,9,7,7,0,7,3
1545,33,Male,Single,3,"Life Sciences",1,Y,25,No,3,1,4320,24152,575,44,13,0,80,"Research & Development","Manufacturing Director",2,2,2,No,Travel_Rarely,4,4,3,5,5,3,0,2,2
1546,45,Male,Married,3,"Technical Degree",4,Y,28,No,4,1,2132,4585,950,97,20,1,80,"Research & Development","Research Scientist",1,3,4,No,Travel_Rarely,4,4,3,8,5,4,0,3,3
1547,42,Male,Married,3,"Life Sciences",2,Y,2,No,3,1,10124,18611,288,40,14,1,80,"Research & Development","Healthcare Representative",3,3,4,Yes,Travel_Frequently,4,3,1,24,20,8,13,9,3
1548,40,Male,Married,2,Medical,0,Y,9,No,3,1,5473,19345,1342,47,12,0,80,Sales,"Sales Executive",2,3,1,No,Travel_Rarely,1,4,4,9,8,4,7,1,5
1549,33,Male,Married,4,"Life Sciences",1,Y,28,No,3,1,5207,22949,589,79,12,1,80,"Research & Development","Laboratory Technician",2,3,3,Yes,Travel_Rarely,2,2,3,15,15,14,5,7,3
1550,40,Male,Single,2,Medical,1,Y,6,No,4,1,16437,17381,898,38,21,0,80,"Human Resources",Manager,4,3,4,Yes,Travel_Rarely,3,4,3,21,21,7,7,7,2
1551,24,Male,Divorced,2,"Technical Degree",0,Y,21,No,3,1,2296,10036,350,57,14,3,80,"Research & Development","Laboratory Technician",1,2,1,No,Travel_Rarely,3,2,3,2,1,1,0,0,3
1552,40,Male,Divorced,2,"Life Sciences",3,Y,8,No,3,1,4069,8841,1142,72,18,0,80,"Research & Development","Healthcare Representative",2,3,4,Yes,Non-Travel,4,3,3,8,2,2,2,2,2
1553,45,Male,Divorced,4,"Technical Degree",1,Y,1,No,3,1,7441,20933,538,66,12,3,80,"Research & Development","Healthcare Representative",3,3,2,No,Travel_Rarely,1,1,3,10,10,8,7,7,4
1554,35,Female,Married,4,"Life Sciences",0,Y,28,No,4,1,2430,26204,1402,98,23,2,80,Sales,"Sales Representative",1,2,3,No,Travel_Rarely,2,1,3,6,5,3,4,2,5
1555,32,Female,Married,2,"Life Sciences",3,Y,5,No,3,1,5878,15624,824,67,12,1,80,"Research & Development","Research Scientist",2,2,2,No,Travel_Rarely,4,1,3,12,7,1,2,5,2
1556,36,Male,Single,4,"Life Sciences",3,Y,2,No,4,1,2644,17001,1157,70,21,0,80,Sales,"Sales Representative",1,3,4,Yes,Travel_Rarely,3,4,2,7,3,2,1,2,3
1557,48,Female,Divorced,4,"Life Sciences",8,Y,16,No,3,1,6439,13693,492,96,14,1,80,Sales,"Sales Executive",2,3,3,No,Travel_Rarely,3,3,3,18,8,7,7,7,2
1558,29,Male,Married,3,"Life Sciences",6,Y,9,No,3,1,2451,22376,598,91,18,2,80,"Research & Development","Research Scientist",1,4,3,No,Travel_Rarely,3,1,2,5,1,0,0,0,2
1560,33,Male,Married,4,"Life Sciences",2,Y,8,No,3,1,6392,10589,1242,46,13,1,80,Sales,"Sales Executive",2,3,1,No,Travel_Rarely,1,4,1,8,2,2,2,2,6
1562,30,Male,Married,3,"Life Sciences",1,Y,1,Yes,3,1,9714,5323,740,64,11,1,80,Sales,"Sales Executive",2,2,1,No,Travel_Rarely,2,4,3,10,10,8,6,7,4
1563,38,Male,Married,4,"Human Resources",3,Y,10,No,3,1,6077,14814,888,71,11,0,80,"Human Resources","Human Resources",2,3,3,No,Travel_Frequently,3,3,3,10,6,3,1,2,2
1564,35,Male,Single,3,Medical,1,Y,1,No,3,1,2450,21731,992,68,19,0,80,"Research & Development","Laboratory Technician",1,2,1,No,Travel_Rarely,4,2,3,3,3,0,1,2,3
1568,30,Male,Married,4,"Technical Degree",3,Y,29,No,3,1,9250,17799,1288,33,12,1,80,Sales,"Sales Executive",3,3,2,No,Travel_Rarely,3,2,3,9,4,2,1,3,3
1569,35,Female,Divorced,3,"Life Sciences",1,Y,2,Yes,3,1,2074,26619,104,69,12,1,80,"Research & Development","Laboratory Technician",1,3,1,Yes,Travel_Rarely,1,4,3,1,1,0,0,0,2
1572,53,Female,Married,5,"Technical Degree",0,Y,2,Yes,3,1,10169,14618,607,78,16,1,80,"Research & Development","Manufacturing Director",3,2,4,No,Travel_Rarely,3,2,3,34,33,7,1,9,4
1573,38,Male,Married,3,Medical,4,Y,2,Yes,3,1,4855,7653,903,81,11,2,80,"Research & Development","Manufacturing Director",2,3,2,No,Travel_Rarely,3,1,3,7,5,2,1,4,2
1574,32,Male,Married,4,"Technical Degree",4,Y,1,No,3,1,4087,25174,1200,62,14,1,80,"Research & Development","Research Scientist",2,3,1,No,Non-Travel,4,2,2,9,6,5,1,2,3
1576,48,Female,Married,4,Other,8,Y,15,No,3,1,2367,16530,1108,65,12,1,80,"Research & Development","Research Scientist",1,3,1,No,Travel_Rarely,3,4,2,10,8,2,7,6,3
1577,34,Male,Single,4,Medical,1,Y,7,No,3,1,2972,22061,479,35,13,0,80,"Research & Development","Research Scientist",1,3,4,No,Travel_Rarely,1,3,1,1,1,0,0,0,4
1578,55,Male,Married,5,Marketing,1,Y,26,No,4,1,19586,23037,685,60,21,1,80,Sales,Manager,5,2,4,No,Travel_Rarely,3,3,3,36,36,6,2,13,3
1580,34,Male,Married,4,"Life Sciences",9,Y,1,No,3,1,5484,13008,1351,45,17,1,80,"Research & Development","Research Scientist",2,3,4,No,Travel_Rarely,2,2,2,9,2,2,2,1,3
1581,26,Female,Married,3,"Life Sciences",1,Y,3,No,4,1,2061,11133,474,89,21,0,80,"Research & Development","Research Scientist",1,3,4,No,Travel_Rarely,1,1,3,1,1,0,0,0,5
1582,38,Male,Married,3,"Life Sciences",0,Y,14,No,3,1,9924,12355,1245,80,11,1,80,Sales,"Sales Executive",2,3,2,No,Travel_Rarely,3,4,3,10,9,8,7,7,3
1583,38,Female,Single,3,"Life Sciences",2,Y,16,No,3,1,4198,16379,437,90,12,0,80,Sales,"Sales Executive",2,3,2,No,Travel_Rarely,2,2,4,8,3,2,1,2,5
1585,36,Female,Single,4,"Life Sciences",6,Y,1,No,3,1,6815,21447,884,73,13,0,80,Sales,"Sales Executive",2,3,3,No,Travel_Rarely,2,1,3,15,1,0,0,0,5
1586,29,Male,Single,1,Medical,1,Y,3,No,3,1,4723,16213,1370,87,18,0,80,"Research & Development","Laboratory Technician",1,3,1,Yes,Travel_Rarely,2,4,3,10,10,9,1,5,3
1587,35,Female,Single,4,Medical,3,Y,10,No,3,1,6142,4223,670,51,16,0,80,"Research & Development","Healthcare Representative",2,3,3,Yes,Travel_Rarely,1,3,3,10,5,2,0,4,4
1588,39,Male,Married,3,Medical,2,Y,6,No,3,1,8237,4658,1462,38,11,1,80,Sales,"Sales Executive",3,4,3,No,Travel_Rarely,4,1,3,11,7,6,7,6,3
1590,29,Male,Divorced,1,"Life Sciences",1,Y,2,No,3,1,8853,24483,995,87,19,1,80,"Research & Development","Healthcare Representative",2,3,4,No,Travel_Frequently,1,4,4,6,6,4,1,3,0
1591,50,Male,Married,3,Marketing,4,Y,9,No,3,1,19331,19519,264,59,16,1,80,Sales,Manager,5,3,3,Yes,Travel_Rarely,3,3,3,27,1,0,0,0,2
1592,23,Male,Married,3,"Technical Degree",2,Y,10,No,3,1,2073,12826,977,45,16,1,80,"Research & Development","Research Scientist",1,4,3,No,Travel_Rarely,4,4,3,4,2,2,2,2,2
1594,36,Male,Married,4,"Life Sciences",3,Y,6,No,3,1,5562,19711,1302,80,13,1,80,"Research & Development","Laboratory Technician",2,4,1,Yes,Travel_Frequently,1,4,3,9,3,2,0,2,3
1595,42,Male,Single,2,Other,8,Y,9,No,4,1,19613,26362,1059,93,22,0,80,"Research & Development",Manager,5,2,4,No,Travel_Rarely,4,4,3,24,1,0,0,1,2
1596,35,Male,Married,3,"Life Sciences",1,Y,28,No,3,1,3407,25348,750,46,17,2,80,"Research & Development","Laboratory Technician",2,4,3,No,Travel_Rarely,2,4,2,10,10,9,6,8,3
1597,34,Male,Married,4,"Technical Degree",1,Y,10,No,3,1,5063,15332,653,92,14,1,80,"Research & Development","Healthcare Representative",2,2,3,No,Travel_Frequently,4,2,2,8,8,2,7,7,3
1598,40,Female,Married,2,"Life Sciences",1,Y,14,No,3,1,4639,11262,118,84,15,1,80,Sales,"Sales Executive",2,3,1,No,Travel_Rarely,4,3,3,5,5,4,1,2,2
1599,43,Male,Divorced,3,"Technical Degree",5,Y,27,No,3,1,4876,5855,990,87,12,1,80,"Research & Development","Laboratory Technician",1,4,2,No,Travel_Rarely,4,3,3,8,6,4,0,2,0
1601,35,Male,Married,2,"Life Sciences",1,Y,7,No,3,1,2690,7713,1349,63,18,1,80,"Research & Development","Laboratory Technician",1,2,4,No,Travel_Rarely,3,4,2,1,1,0,0,1,5
1602,46,Male,Single,4,"Life Sciences",1,Y,1,No,3,1,17567,3156,563,56,15,0,80,Sales,Manager,4,4,1,No,Travel_Rarely,4,2,1,27,26,0,0,12,5
1604,28,Male,Married,3,Medical,1,Y,24,Yes,3,1,2408,7324,329,51,17,3,80,"Research & Development","Laboratory Technician",1,3,2,Yes,Travel_Rarely,3,3,3,1,1,1,0,0,3
1605,22,Female,Married,2,Other,1,Y,26,No,3,1,2814,10293,457,85,14,0,80,"Research & Development","Research Scientist",1,2,3,Yes,Non-Travel,2,2,2,4,4,2,1,3,2
1606,50,Male,Married,5,Medical,2,Y,20,No,3,1,11245,20689,1234,41,15,1,80,"Research & Development","Healthcare Representative",4,3,3,Yes,Travel_Frequently,2,3,3,32,30,8,12,13,3
1607,32,Female,Married,4,Other,3,Y,5,No,3,1,3312,18783,634,35,17,2,80,"Research & Development","Research Scientist",1,4,4,No,Travel_Rarely,2,4,3,6,3,2,0,2,3
1608,44,Female,Divorced,3,Medical,0,Y,7,No,3,1,19049,3549,1313,31,14,1,80,"Research & Development","Research Director",5,3,4,Yes,Travel_Rarely,2,4,2,23,22,7,1,10,4
1609,30,Male,Married,3,Medical,1,Y,7,No,3,1,2141,5348,241,48,12,1,80,"Research & Development","Research Scientist",1,2,2,No,Travel_Rarely,2,2,2,6,6,4,1,1,3
1611,45,Female,Single,5,Medical,1,Y,5,No,3,1,5769,23447,1015,50,14,0,80,"Research & Development","Laboratory Technician",2,1,1,Yes,Travel_Rarely,3,1,3,10,10,7,1,4,3
1612,45,Male,Married,3,Marketing,1,Y,26,No,3,1,4385,24162,336,52,15,1,80,Sales,"Sales Executive",2,2,1,No,Non-Travel,1,1,3,10,10,7,4,5,2
1613,31,Male,Single,4,Other,7,Y,2,No,3,1,5332,21602,715,54,13,0,80,Sales,"Sales Executive",2,3,1,No,Travel_Frequently,4,4,3,10,5,2,0,3,3
1614,36,Female,Married,4,"Life Sciences",9,Y,12,No,3,1,4663,12421,559,76,12,2,80,"Research & Development","Manufacturing Director",2,3,3,Yes,Travel_Rarely,3,2,3,7,3,2,1,1,2
1615,34,Male,Divorced,4,"Life Sciences",1,Y,10,No,3,1,4724,17000,426,42,13,1,80,"Research & Development","Manufacturing Director",2,4,4,No,Travel_Frequently,3,1,3,9,9,7,7,2,3
1617,49,Female,Married,4,"Life Sciences",1,Y,25,No,3,1,3211,22102,722,84,14,1,80,"Research & Development","Laboratory Technician",1,3,1,No,Travel_Rarely,3,4,2,10,9,6,1,4,3
1618,39,Male,Married,5,Medical,2,Y,10,No,3,1,5377,3835,1387,76,13,3,80,"Research & Development","Manufacturing Director",2,3,1,No,Travel_Rarely,2,4,3,10,7,7,7,7,3
1619,27,Male,Divorced,3,Other,1,Y,19,No,3,1,4066,16290,1302,67,11,2,80,"Research & Development","Laboratory Technician",1,2,1,No,Travel_Rarely,4,1,3,7,7,7,0,7,3
1621,35,Male,Married,5,"Life Sciences",1,Y,18,No,3,1,5208,26312,819,48,11,0,80,"Research & Development","Research Scientist",2,4,1,No,Travel_Rarely,2,4,3,16,16,15,1,10,2
1622,28,Female,Divorced,3,Medical,0,Y,27,No,4,1,4877,20460,580,39,21,1,80,"Research & Development","Manufacturing Director",2,1,1,No,Travel_Rarely,2,2,2,6,5,3,0,0,5
1623,21,Male,Single,1,Medical,1,Y,5,No,3,1,3117,26009,546,97,18,0,80,"Research & Development","Research Scientist",1,3,4,No,Travel_Rarely,3,3,3,3,2,2,2,2,2
1624,18,Female,Single,2,Medical,1,Y,3,Yes,3,1,1569,18420,544,70,12,0,80,Sales,"Sales Representative",1,3,4,Yes,Travel_Frequently,2,3,4,0,0,0,0,0,2
1625,47,Female,Married,4,"Life Sciences",3,Y,26,No,3,1,19658,5220,1176,98,11,1,80,"Human Resources",Manager,5,3,3,No,Travel_Rarely,4,3,3,27,5,2,1,0,2
1627,39,Male,Divorced,2,Medical,0,Y,3,No,3,1,3069,10302,170,76,15,1,80,"Research & Development","Laboratory Technician",2,2,3,No,Travel_Rarely,3,4,3,11,10,8,0,7,3
1628,40,Female,Married,3,"Life Sciences",1,Y,15,No,3,1,10435,25800,884,80,13,2,80,"Research & Development","Manufacturing Director",3,2,3,No,Travel_Rarely,1,4,3,18,18,15,14,12,2
1630,35,Female,Married,4,"Life Sciences",1,Y,8,No,3,1,4148,12250,208,52,12,1,80,"Research & Development","Healthcare Representative",2,3,3,No,Non-Travel,3,4,3,15,14,11,2,9,5
1631,37,Male,Married,3,"Life Sciences",3,Y,19,No,3,1,5768,26493,671,85,17,3,80,"Research & Development","Manufacturing Director",2,3,3,No,Travel_Rarely,3,1,2,9,4,3,0,2,2
1633,39,Female,Single,3,Medical,0,Y,4,No,3,1,5042,3140,711,81,13,0,80,"Research & Development","Manufacturing Director",2,3,3,No,Travel_Frequently,1,4,1,10,9,2,3,8,2
1635,45,Female,Divorced,2,Other,1,Y,2,No,3,1,5770,5388,1329,59,19,2,80,"Research & Development","Manufacturing Director",2,2,4,No,Travel_Rarely,4,1,3,10,10,7,3,9,3
1638,38,Female,Married,2,Medical,3,Y,2,No,3,1,7756,14199,397,54,19,1,80,"Research & Development","Manufacturing Director",3,2,3,Yes,Travel_Rarely,4,4,4,10,5,4,0,2,6
1639,35,Male,Married,3,Medical,9,Y,10,Yes,3,1,10306,21530,737,55,17,0,80,Sales,"Sales Executive",3,2,1,No,Travel_Rarely,4,3,3,15,13,12,6,0,3
1640,37,Female,Married,3,Medical,1,Y,10,No,3,1,3936,9953,1470,71,11,1,80,"Research & Development","Research Scientist",1,3,2,No,Travel_Rarely,2,1,1,8,8,4,7,7,2
1641,40,Female,Single,3,"Life Sciences",6,Y,16,No,3,1,7945,19948,448,84,15,0,80,"Research & Development","Manufacturing Director",3,3,4,Yes,Travel_Rarely,3,4,2,18,4,2,3,3,2
1642,44,Male,Married,5,"Human Resources",4,Y,1,No,3,1,5743,10503,602,37,11,0,80,"Human Resources","Human Resources",2,3,4,Yes,Travel_Frequently,1,3,3,14,10,7,0,2,3
1644,48,Male,Married,5,Medical,2,Y,4,No,4,1,15202,5602,365,89,25,1,80,"Research & Development",Manager,4,2,4,No,Travel_Frequently,3,2,3,23,2,2,2,2,3
1645,35,Male,Divorced,2,Medical,6,Y,15,Yes,3,1,5440,22098,763,59,14,2,80,Sales,"Sales Executive",2,1,4,Yes,Travel_Rarely,1,4,2,7,2,2,2,2,2
1646,24,Female,Single,1,"Technical Degree",1,Y,2,No,3,1,3760,17218,567,32,13,0,80,"Research & Development","Research Scientist",1,3,4,Yes,Travel_Frequently,1,3,3,6,6,3,1,3,2
1647,27,Female,Married,3,Medical,7,Y,8,No,3,1,3517,22490,486,86,17,0,80,"Research & Development","Research Scientist",1,4,3,No,Travel_Rarely,2,1,3,5,3,2,0,2,0
1648,27,Male,Single,3,Medical,2,Y,2,No,3,1,2580,6297,591,87,13,0,80,"Research & Development","Research Scientist",1,3,4,No,Travel_Frequently,4,3,2,6,4,2,1,2,0
1649,40,Male,Single,3,"Life Sciences",3,Y,7,Yes,3,1,2166,3339,1329,73,14,0,80,"Research & Development","Laboratory Technician",1,3,1,Yes,Travel_Rarely,1,2,1,10,4,2,0,3,3
1650,29,Male,Single,3,Medical,9,Y,10,No,3,1,5869,23413,469,42,11,0,80,Sales,"Sales Executive",2,2,3,No,Travel_Rarely,3,3,3,8,5,2,1,4,2
1651,36,Female,Married,4,"Life Sciences",4,Y,5,No,3,1,8008,22792,711,42,12,2,80,"Research & Development","Healthcare Representative",3,3,1,No,Travel_Rarely,2,3,3,9,3,2,0,2,6
1653,25,Male,Divorced,1,"Life Sciences",1,Y,2,No,3,1,5206,4973,772,77,17,2,80,"Research & Development","Manufacturing Director",2,4,3,No,Travel_Frequently,4,3,3,7,7,7,0,7,6
1654,39,Male,Married,3,Medical,4,Y,12,No,4,1,5295,7693,492,66,21,0,80,"Research & Development","Manufacturing Director",2,3,2,No,Travel_Rarely,4,3,3,7,5,4,1,0,3
1655,49,Female,Married,4,Other,3,Y,22,No,3,1,16413,3498,301,72,16,2,80,"Research & Development","Research Director",4,3,2,No,Travel_Rarely,1,2,3,27,4,2,1,2,2
1656,50,Female,Divorced,5,"Life Sciences",5,Y,17,No,3,1,13269,21981,813,50,15,3,80,"Research & Development","Research Director",3,2,1,No,Travel_Rarely,4,3,3,19,14,11,1,11,3
1657,20,Female,Single,3,Medical,1,Y,2,No,3,1,2783,13251,1141,31,19,0,80,Sales,"Sales Representative",1,3,3,No,Travel_Rarely,3,1,3,2,2,2,2,2,3
1658,34,Female,Divorced,3,"Life Sciences",1,Y,3,No,3,1,5433,19332,1130,66,12,1,80,"Research & Development","Research Scientist",2,3,2,No,Travel_Rarely,4,3,3,11,11,8,7,9,2
1659,36,Male,Single,3,"Life Sciences",2,Y,7,No,3,1,2013,10950,311,77,11,0,80,"Research & Development","Laboratory Technician",1,3,2,No,Travel_Rarely,1,3,3,15,4,3,1,3,4
1661,49,Female,Married,1,"Life Sciences",2,Y,6,No,3,1,13966,11652,465,41,19,1,80,"Research & Development","Healthcare Representative",4,2,3,Yes,Travel_Rarely,3,2,3,30,15,11,2,12,3
1662,36,Female,Married,4,Medical,0,Y,1,No,3,1,4374,15411,894,33,15,0,80,"Research & Development","Manufacturing Director",2,2,3,No,Non-Travel,4,3,3,4,3,2,1,2,6
1664,36,Male,Divorced,2,"Life Sciences",6,Y,3,No,4,1,6842,26308,1040,79,20,1,80,"Research & Development","Healthcare Representative",2,4,1,No,Travel_Rarely,4,1,3,13,5,4,0,4,3
1665,54,Female,Married,5,Medical,3,Y,22,No,4,1,17426,18685,584,91,25,1,80,"Research & Development",Manager,4,3,3,No,Travel_Rarely,2,3,3,36,10,8,4,7,6
1666,43,Male,Married,2,"Life Sciences",1,Y,15,No,4,1,17603,3525,1291,65,24,1,80,"Research & Development","Research Director",4,2,3,No,Travel_Rarely,3,1,3,14,14,10,6,11,3
1667,35,Male,Single,4,Other,3,Y,12,Yes,4,1,4581,10414,880,36,24,0,80,Sales,"Sales Executive",2,3,4,Yes,Travel_Frequently,4,1,4,13,11,9,6,7,2
1668,38,Male,Married,3,"Life Sciences",7,Y,1,No,3,1,4735,9867,1189,90,15,2,80,"Research & Development","Research Scientist",2,3,4,No,Travel_Frequently,4,4,4,19,13,11,2,9,4
1669,29,Male,Divorced,3,Medical,1,Y,5,No,3,1,4187,3356,991,43,13,1,80,Sales,"Sales Executive",2,2,2,Yes,Travel_Rarely,1,2,2,10,10,0,0,9,3
1670,33,Male,Divorced,4,Medical,1,Y,2,No,3,1,5505,3921,392,93,14,2,80,Sales,"Sales Executive",2,3,4,No,Travel_Rarely,4,3,3,6,6,2,0,4,5
1671,32,Male,Divorced,3,Medical,0,Y,2,No,3,1,5470,25518,977,45,13,2,80,"Research & Development","Research Scientist",2,3,2,No,Travel_Rarely,4,3,2,10,9,5,1,6,4
1673,31,Female,Married,4,"Life Sciences",1,Y,5,No,3,1,5476,22589,1112,67,11,2,80,Sales,"Sales Executive",2,3,4,No,Travel_Rarely,1,1,3,10,10,0,0,2,2
1674,49,Female,Divorced,3,Medical,4,Y,16,No,3,1,2587,24941,464,74,16,1,80,"Research & Development","Laboratory Technician",1,3,1,Yes,Travel_Rarely,4,2,2,17,2,2,2,2,2
1675,38,Female,Single,3,Medical,1,Y,2,No,4,1,2440,23826,148,42,22,0,80,"Research & Development","Laboratory Technician",1,2,2,No,Travel_Frequently,4,2,3,4,4,3,3,3,3
1676,47,Female,Divorced,4,"Life Sciences",6,Y,2,No,3,1,15972,21086,1225,47,14,3,80,Sales,Manager,4,4,2,No,Travel_Rarely,2,3,3,29,3,2,1,2,2
1677,49,Male,Single,3,"Life Sciences",4,Y,1,No,3,1,15379,22384,809,36,14,0,80,"Research & Development",Manager,4,3,3,No,Travel_Rarely,3,1,3,23,8,7,0,0,2
1678,41,Male,Single,2,"Life Sciences",3,Y,23,No,3,1,7082,11591,1206,80,16,0,80,Sales,"Sales Executive",3,3,3,Yes,Travel_Rarely,4,4,3,21,2,0,0,2,2
1680,20,Male,Single,1,"Life Sciences",1,Y,9,No,3,1,2728,21082,727,54,11,0,80,Sales,"Sales Representative",1,3,1,No,Travel_Rarely,4,1,3,2,2,2,0,2,3
1681,33,Female,Divorced,3,"Life Sciences",1,Y,16,No,4,1,5368,16130,530,36,25,1,80,Sales,"Sales Executive",2,3,4,Yes,Non-Travel,3,3,3,7,6,5,1,2,2
1682,36,Male,Married,4,"Life Sciences",6,Y,26,No,3,1,5347,7419,1351,80,14,2,80,"Research & Development","Healthcare Representative",2,3,3,No,Travel_Rarely,1,2,2,10,3,2,0,2,2
1683,44,Female,Divorced,3,"Life Sciences",4,Y,1,No,3,1,3195,4167,528,44,18,3,80,"Human Resources","Human Resources",1,3,4,Yes,Travel_Rarely,3,1,3,8,2,2,2,2,2
1684,23,Male,Single,1,Medical,1,Y,8,Yes,3,1,3989,20586,1320,93,11,0,80,"Research & Development","Laboratory Technician",1,2,3,Yes,Travel_Rarely,4,1,3,5,5,4,1,2,2
1687,38,Female,Married,2,Medical,7,Y,4,No,3,1,3306,26176,1495,87,19,1,80,"Research & Development","Laboratory Technician",1,3,3,No,Travel_Rarely,4,4,2,7,0,0,0,0,5
1689,53,Male,Married,4,Medical,3,Y,24,No,3,1,7005,3458,1395,48,15,0,80,"Research & Development","Healthcare Representative",3,4,4,No,Travel_Rarely,2,3,3,11,4,3,1,2,2
1691,48,Female,Married,2,Medical,2,Y,7,Yes,3,1,2655,11740,708,95,11,2,80,Sales,"Sales Representative",1,3,3,Yes,Travel_Frequently,4,3,3,19,9,7,7,7,3
1692,32,Male,Single,4,"Life Sciences",1,Y,2,Yes,3,1,1393,24852,1259,95,12,0,80,"Research & Development","Laboratory Technician",1,3,2,No,Travel_Rarely,4,1,3,1,1,0,0,0,2
1693,26,Male,Single,3,Medical,1,Y,7,No,4,1,2570,11925,786,76,20,0,80,"Research & Development","Laboratory Technician",1,3,4,No,Non-Travel,4,3,3,7,7,7,5,7,5
1694,55,Male,Divorced,3,"Technical Degree",5,Y,22,No,3,1,3537,23737,1441,94,12,1,80,"Research & Development","Research Scientist",1,2,2,No,Travel_Rarely,1,4,3,8,4,2,1,2,1
1696,34,Male,Married,2,Medical,1,Y,5,No,3,1,3986,11912,1157,57,14,1,80,"Research & Development","Laboratory Technician",2,2,4,No,Travel_Rarely,2,3,4,15,15,10,4,13,3
1697,60,Male,Divorced,4,Medical,3,Y,1,No,4,1,10883,20467,370,92,20,1,80,"Research & Development","Healthcare Representative",3,1,4,No,Travel_Rarely,3,3,4,19,1,0,0,0,2
1698,33,Male,Married,3,Medical,1,Y,21,No,3,1,2028,13637,267,79,18,3,80,"Research & Development","Laboratory Technician",1,4,2,No,Travel_Rarely,2,4,3,14,14,11,2,13,6
1700,37,Male,Divorced,4,Medical,1,Y,1,No,3,1,9525,7677,1278,31,14,2,80,Sales,"Sales Executive",2,1,4,No,Travel_Frequently,3,3,2,6,6,3,1,3,2
1701,34,Female,Married,3,"Life Sciences",1,Y,19,No,3,1,2929,20338,678,35,12,0,80,"Research & Development","Research Scientist",1,2,4,No,Travel_Rarely,2,2,3,10,10,9,8,7,3
1702,23,Male,Divorced,3,"Life Sciences",1,Y,7,Yes,4,1,2275,25103,427,99,21,1,80,Sales,"Sales Representative",1,3,4,Yes,Travel_Rarely,3,2,3,3,3,2,0,2,2
1703,44,Female,Married,3,"Life Sciences",1,Y,2,No,3,1,7879,14810,921,96,19,1,80,"Research & Development","Healthcare Representative",3,4,4,Yes,Travel_Rarely,3,2,3,9,8,7,6,7,2
1704,35,Male,Single,4,Medical,0,Y,2,No,3,1,4930,13970,146,79,14,0,80,"Research & Development","Research Scientist",1,2,4,Yes,Travel_Frequently,1,3,4,6,5,4,1,4,2
1706,43,Male,Married,3,Medical,1,Y,2,No,3,1,7847,6069,1179,73,17,1,80,Sales,"Sales Executive",2,3,4,Yes,Travel_Rarely,4,1,3,10,10,9,8,8,3
1707,24,Male,Married,3,Medical,1,Y,9,No,3,1,4401,17616,581,62,16,1,80,"Research & Development","Research Scientist",1,4,3,No,Travel_Rarely,3,4,3,5,5,3,0,4,1
1708,41,Male,Single,3,Marketing,1,Y,6,No,3,1,9241,15869,918,35,12,0,80,Sales,"Sales Executive",3,3,3,No,Travel_Rarely,4,2,3,10,10,8,8,7,3
1709,29,Female,Married,4,Medical,9,Y,9,No,3,1,2974,25412,1082,43,17,1,80,"Research & Development","Laboratory Technician",1,3,3,No,Travel_Rarely,4,3,3,9,5,3,1,2,2
1710,36,Female,Single,4,"Life Sciences",3,Y,2,No,3,1,4502,7439,530,51,15,0,80,Sales,"Sales Representative",2,3,4,No,Travel_Rarely,3,3,2,17,13,7,6,7,2
1712,45,Male,Married,1,"Life Sciences",3,Y,1,No,4,1,10748,3395,1238,74,23,1,80,"Research & Development","Healthcare Representative",3,2,3,No,Non-Travel,3,4,2,25,23,15,14,4,3
1714,24,Male,Married,1,"Human Resources",1,Y,22,Yes,3,1,1555,11585,240,58,11,1,80,"Human Resources","Human Resources",1,1,3,No,Travel_Rarely,4,3,3,1,1,0,0,0,2
1716,47,Male,Married,3,"Life Sciences",7,Y,9,Yes,3,1,12936,24164,1093,82,11,0,80,Sales,"Sales Executive",4,1,3,No,Travel_Frequently,3,3,1,25,23,5,14,10,3
1718,26,Male,Married,4,Medical,1,Y,17,No,3,1,2305,6217,390,62,15,3,80,"Research & Development","Laboratory Technician",1,1,3,No,Travel_Rarely,4,3,4,3,3,2,0,2,3
1719,45,Female,Single,2,"Technical Degree",1,Y,28,No,3,1,16704,17119,1005,48,11,0,80,"Research & Development","Research Director",4,2,2,No,Travel_Rarely,4,3,3,21,21,6,8,6,2
1720,32,Male,Married,3,"Life Sciences",6,Y,10,No,3,1,3433,17360,585,56,13,1,80,"Research & Development","Research Scientist",1,3,3,No,Travel_Frequently,1,1,2,10,5,2,1,3,3
1721,31,Male,Married,4,"Life Sciences",1,Y,2,No,3,1,3477,18103,741,69,14,1,80,"Research & Development","Laboratory Technician",1,3,3,No,Travel_Rarely,2,4,4,6,5,2,0,3,2
1722,41,Male,Married,3,"Human Resources",6,Y,4,No,3,1,6430,20794,552,60,19,1,80,"Human Resources","Human Resources",2,1,2,No,Non-Travel,3,2,3,10,3,2,1,2,4
1724,40,Female,Married,2,"Life Sciences",2,Y,8,No,3,1,6516,5041,369,92,16,1,80,"Research & Development","Manufacturing Director",2,3,1,Yes,Travel_Rarely,2,2,3,18,1,0,0,0,3
1725,24,Male,Divorced,1,Medical,1,Y,29,No,3,1,3907,3622,506,91,13,3,80,"Research & Development","Laboratory Technician",1,3,1,No,Travel_Rarely,2,2,4,6,6,2,1,2,2
1727,46,Male,Single,4,"Life Sciences",6,Y,13,No,3,1,5562,9697,717,34,14,0,80,"Research & Development","Healthcare Representative",2,3,2,No,Travel_Rarely,3,4,3,19,10,7,0,9,3
1728,35,Male,Married,4,"Life Sciences",2,Y,27,No,3,1,6883,5151,1370,49,16,1,80,"Research & Development","Manufacturing Director",2,3,3,No,Travel_Rarely,4,2,3,17,7,7,0,7,3
1729,30,Male,Married,1,"Life Sciences",1,Y,16,No,3,1,2862,3811,793,33,12,1,80,"Research & Development","Research Scientist",1,3,4,No,Travel_Rarely,2,2,2,10,10,0,0,8,2
1731,47,Male,Married,4,Marketing,7,Y,2,No,3,1,4978,3536,543,87,11,1,80,Sales,"Sales Executive",2,3,2,No,Non-Travel,3,4,1,4,1,0,0,0,3
1732,46,Male,Divorced,3,"Life Sciences",4,Y,2,No,3,1,10368,5596,1277,74,12,1,80,Sales,"Sales Executive",3,3,4,Yes,Travel_Rarely,3,2,2,13,10,6,0,3,5
1733,36,Male,Divorced,5,Marketing,5,Y,13,Yes,3,1,6134,8658,1456,96,13,3,80,Sales,"Sales Executive",2,2,1,Yes,Travel_Rarely,2,2,3,16,2,2,2,2,3
1734,32,Male,Single,2,"Life Sciences",6,Y,1,Yes,3,1,6735,12147,964,34,15,0,80,Sales,"Sales Executive",2,1,2,No,Travel_Rarely,1,2,3,10,0,0,0,0,2
1735,23,Female,Single,1,Medical,1,Y,4,No,3,1,3295,12862,160,51,13,0,80,"Research & Development","Laboratory Technician",1,3,2,No,Travel_Rarely,3,3,1,3,3,2,1,2,3
1736,31,Female,Single,1,"Technical Degree",2,Y,24,No,4,1,5238,6670,163,30,20,0,80,"Research & Development","Manufacturing Director",2,3,4,No,Travel_Frequently,4,4,2,9,5,4,1,4,3
1737,39,Male,Married,3,"Life Sciences",1,Y,1,No,3,1,6472,8989,792,77,15,1,80,"Research & Development","Laboratory Technician",2,3,4,Yes,Non-Travel,4,4,3,9,9,8,5,8,2
1739,32,Male,Married,3,"Life Sciences",3,Y,19,No,3,1,9610,3840,371,80,13,1,80,Sales,"Sales Executive",3,1,3,No,Travel_Rarely,4,3,1,10,4,3,0,2,2
1740,40,Male,Single,4,Medical,1,Y,7,No,3,1,19833,4349,611,88,14,0,80,Sales,Manager,5,3,2,No,Travel_Rarely,2,2,2,21,21,8,12,8,3
1744,45,Female,Married,3,"Life Sciences",4,Y,4,No,4,1,9756,6595,176,56,21,2,80,"Human Resources","Human Resources",3,1,3,No,Travel_Rarely,3,3,4,9,5,0,0,3,2
1745,30,Female,Single,4,"Technical Degree",0,Y,2,No,3,1,4968,26427,1312,78,16,0,80,"Research & Development","Research Scientist",1,2,1,No,Travel_Frequently,4,4,3,10,9,7,0,7,2
1746,24,Male,Married,3,Medical,0,Y,10,No,3,1,2145,2097,897,59,14,1,80,"Human Resources","Human Resources",1,3,4,No,Travel_Frequently,1,4,3,3,2,2,2,1,2
1747,30,Female,Divorced,3,"Human Resources",6,Y,8,Yes,3,1,2180,9732,600,66,11,1,80,"Human Resources","Human Resources",1,2,4,No,Travel_Frequently,3,3,2,6,4,2,1,2,0
1749,31,Male,Married,3,"Technical Degree",1,Y,5,No,3,1,8346,20943,1003,51,19,1,80,Sales,"Sales Executive",2,3,3,No,Travel_Rarely,1,3,3,6,5,2,0,2,3
1751,27,Female,Single,3,Medical,1,Y,8,No,3,1,3445,6152,1054,67,11,0,80,"Research & Development","Research Scientist",1,3,4,No,Travel_Rarely,3,3,2,6,6,2,1,4,5
1752,29,Female,Single,3,Marketing,1,Y,9,Yes,3,1,2760,14630,428,52,13,0,80,Sales,"Sales Representative",1,1,2,No,Travel_Rarely,2,3,3,2,2,2,2,2,3
1753,29,Male,Single,3,"Life Sciences",8,Y,1,No,3,1,6294,23060,461,70,12,0,80,"Research & Development","Healthcare Representative",2,4,3,Yes,Travel_Frequently,4,4,4,10,3,2,0,2,5
1754,30,Male,Divorced,2,Marketing,2,Y,15,No,3,1,7140,3088,979,94,11,1,80,Sales,"Sales Executive",3,2,1,No,Travel_Rarely,3,1,3,12,7,7,1,7,2
1755,34,Male,Married,4,Medical,0,Y,2,No,3,1,2932,5586,181,97,14,3,80,"Research & Development","Research Scientist",1,4,4,Yes,Travel_Rarely,4,1,3,6,5,0,1,2,3
1756,33,Female,Single,3,Marketing,8,Y,2,No,3,1,5147,10697,1283,62,15,0,80,Sales,"Sales Executive",2,3,2,No,Non-Travel,4,4,2,13,11,7,1,7,2
1757,49,Female,Single,4,Marketing,3,Y,11,No,3,1,4507,8191,1313,80,12,0,80,Sales,"Sales Executive",2,3,4,No,Travel_Rarely,4,3,4,8,5,1,0,4,1
1758,33,Female,Single,3,"Life Sciences",2,Y,16,Yes,4,1,8564,10092,211,74,20,0,80,Sales,"Sales Executive",3,3,1,Yes,Travel_Rarely,1,3,2,11,0,0,0,0,2
1760,38,Female,Married,2,Medical,4,Y,2,No,3,1,2468,15963,594,75,14,1,80,"Research & Development","Laboratory Technician",1,2,2,No,Travel_Frequently,3,2,2,9,6,1,0,5,4
1761,31,Male,Married,4,Marketing,2,Y,16,Yes,3,1,8161,19002,1079,70,13,3,80,Sales,"Sales Executive",3,3,3,No,Travel_Rarely,1,1,3,10,1,0,0,0,2
1762,29,Female,Divorced,3,"Technical Degree",1,Y,4,No,3,1,2109,10007,590,91,13,1,80,"Research & Development","Research Scientist",1,2,1,No,Travel_Rarely,4,3,3,1,1,0,0,0,2
1763,30,Male,Married,3,"Life Sciences",3,Y,16,No,3,1,5294,9128,305,58,16,1,80,"Research & Development","Healthcare Representative",2,4,3,No,Travel_Rarely,3,3,3,10,7,0,1,7,3
1764,32,Male,Single,4,"Technical Degree",2,Y,5,No,3,1,2718,17674,953,65,14,0,80,"Research & Development","Research Scientist",1,3,2,No,Non-Travel,2,2,3,12,7,7,0,7,3
1766,38,Male,Married,3,Medical,3,Y,18,No,3,1,5811,24539,833,60,16,1,80,"Research & Development","Healthcare Representative",2,1,4,Yes,Travel_Rarely,2,3,3,15,1,0,1,0,2
1767,43,Male,Married,3,"Technical Degree",9,Y,17,Yes,3,1,2437,15587,807,38,16,1,80,"Research & Development","Research Scientist",1,2,3,Yes,Travel_Frequently,3,4,3,6,1,0,0,0,4
1768,42,Male,Divorced,3,Medical,8,Y,12,No,4,1,2766,8952,855,57,22,3,80,"Research & Development","Laboratory Technician",1,3,2,No,Travel_Rarely,2,2,2,7,5,3,0,4,6
1770,55,Male,Married,3,Medical,8,Y,2,No,3,1,19038,19805,478,60,12,3,80,"Research & Development","Research Director",5,2,1,No,Travel_Rarely,3,2,3,34,1,0,0,0,2
1771,33,Male,Divorced,3,"Technical Degree",5,Y,4,No,3,1,3055,6194,775,90,15,2,80,"Research & Development","Research Scientist",2,3,2,No,Non-Travel,4,4,2,11,9,8,1,7,2
1772,41,Male,Divorced,4,"Life Sciences",1,Y,9,No,4,1,2289,20520,548,94,20,2,80,"Research & Development","Laboratory Technician",1,3,1,No,Travel_Rarely,3,2,3,5,5,3,0,4,2
1774,34,Male,Divorced,3,"Life Sciences",1,Y,10,No,3,1,4001,12313,1375,87,14,1,80,Sales,"Sales Executive",2,3,3,Yes,Non-Travel,4,3,3,15,15,14,0,7,3
1775,53,Female,Married,4,Medical,4,Y,1,No,4,1,12965,22308,661,60,20,3,80,"Research & Development","Manufacturing Director",4,2,3,Yes,Non-Travel,1,4,2,27,3,2,0,2,2
1778,43,Male,Single,3,"Life Sciences",0,Y,2,No,3,1,3539,5033,244,97,13,0,80,"Human Resources","Human Resources",1,3,4,No,Travel_Rarely,2,2,3,10,9,7,1,8,5
1779,34,Female,Single,2,"Life Sciences",5,Y,3,No,3,1,6029,25353,511,32,12,0,80,Sales,"Sales Executive",2,1,4,No,Travel_Rarely,4,1,3,6,2,2,2,2,3
1780,21,Male,Single,1,Marketing,1,Y,7,Yes,3,1,2679,4567,337,31,13,0,80,Sales,"Sales Representative",1,3,2,No,Travel_Rarely,2,2,3,1,1,0,1,0,3
1782,38,Female,Married,2,Other,1,Y,6,No,3,1,3702,16376,1153,40,11,1,80,"Research & Development","Laboratory Technician",1,2,3,No,Travel_Rarely,4,2,3,5,5,4,0,4,3
1783,22,Female,Married,1,Medical,1,Y,8,Yes,3,1,2398,15999,1294,79,17,0,80,"Research & Development","Laboratory Technician",1,3,1,Yes,Travel_Rarely,3,3,3,1,1,0,0,0,6
1784,31,Female,Married,4,Marketing,1,Y,29,No,3,1,5468,13402,196,91,14,2,80,Sales,"Sales Executive",2,2,4,No,Travel_Rarely,1,1,3,13,12,7,5,7,3
1786,51,Female,Married,3,"Technical Degree",2,Y,3,No,3,1,13116,22984,942,53,11,0,80,"Research & Development",Manager,3,3,3,No,Travel_Rarely,1,4,3,15,2,2,2,2,2
1787,37,Male,Married,2,Marketing,1,Y,9,No,3,1,4189,8800,589,46,14,2,80,Sales,"Sales Executive",2,2,2,No,Travel_Rarely,2,1,3,5,5,2,0,3,2
1789,46,Male,Divorced,4,Medical,7,Y,2,No,3,1,19328,14218,734,46,17,1,80,"Research & Development","Research Director",5,3,4,Yes,Travel_Rarely,3,3,3,24,2,1,2,2,3
1790,36,Male,Married,3,"Life Sciences",7,Y,10,No,3,1,8321,25949,1383,90,13,1,80,"Research & Development","Healthcare Representative",3,3,1,Yes,Travel_Rarely,4,4,3,15,12,8,5,7,1
1792,44,Male,Divorced,2,Medical,1,Y,1,Yes,3,1,2342,11092,429,99,12,3,80,"Research & Development","Research Scientist",1,3,2,Yes,Travel_Frequently,3,3,2,6,5,3,2,3,2
1794,37,Male,Divorced,2,Other,2,Y,8,No,3,1,4071,12832,1239,89,13,0,80,"Human Resources","Human Resources",2,3,2,No,Travel_Rarely,3,3,2,19,10,0,4,7,4
1797,35,Male,Single,3,"Life Sciences",1,Y,27,Yes,3,1,5813,13492,303,84,18,0,80,Sales,"Sales Executive",2,3,4,Yes,Travel_Rarely,3,4,3,10,10,7,7,7,2
1798,33,Male,Married,4,"Life Sciences",6,Y,8,No,3,1,3143,6076,867,90,19,1,80,"Research & Development","Research Scientist",1,4,1,No,Travel_Rarely,4,2,3,14,10,8,7,6,1
1799,28,Male,Married,3,"Life Sciences",1,Y,1,No,3,1,2044,5531,1181,82,11,1,80,"Research & Development","Research Scientist",1,3,4,No,Travel_Rarely,3,3,4,5,5,3,0,3,6
1800,39,Male,Single,1,Medical,7,Y,10,No,4,1,13464,7914,1253,65,21,0,80,"Research & Development","Research Director",3,3,3,No,Travel_Rarely,3,3,3,9,4,3,2,2,3
1801,46,Male,Single,2,"Life Sciences",8,Y,26,No,3,1,7991,25166,849,98,15,0,80,Sales,"Sales Executive",2,2,2,No,Non-Travel,2,3,3,6,2,2,2,2,3
1802,40,Female,Married,2,"Life Sciences",4,Y,2,No,3,1,3377,25605,616,99,17,1,80,"Research & Development","Laboratory Technician",1,3,1,No,Travel_Rarely,3,4,2,7,4,3,0,2,5
1803,42,Male,Married,3,Medical,5,Y,13,No,3,1,5538,5696,1128,95,18,2,80,"Research & Development","Healthcare Representative",2,4,1,No,Travel_Rarely,2,3,2,10,0,0,0,0,2
1804,35,Male,Divorced,2,Medical,2,Y,2,No,3,1,5762,24442,1180,90,14,1,80,"Research & Development","Manufacturing Director",2,3,4,No,Non-Travel,2,3,3,15,7,7,1,7,6
1805,38,Male,Divorced,3,"Human Resources",5,Y,2,No,3,1,2592,7129,1336,100,13,3,80,"Human Resources","Human Resources",1,3,2,No,Non-Travel,1,4,3,13,11,10,3,8,3
1807,34,Male,Married,4,"Life Sciences",4,Y,9,Yes,3,1,5346,6208,234,93,17,1,80,"Research & Development","Laboratory Technician",2,3,1,No,Travel_Frequently,4,3,2,11,7,1,0,7,3
1809,37,Male,Single,4,Medical,1,Y,10,Yes,3,1,4213,4992,370,58,15,0,80,"Research & Development","Manufacturing Director",2,3,1,No,Travel_Rarely,4,2,1,10,10,3,0,8,4
1812,39,Male,Divorced,3,"Life Sciences",2,Y,20,No,3,1,4127,19188,766,83,18,1,80,Sales,"Sales Executive",2,3,4,No,Travel_Frequently,3,4,3,7,2,1,2,2,6
1813,43,Male,Single,3,"Life Sciences",4,Y,9,No,3,1,2438,24978,343,52,13,0,80,"Research & Development","Research Scientist",1,3,3,No,Non-Travel,1,3,2,7,3,2,1,2,2
1814,41,Male,Single,3,"Life Sciences",3,Y,5,No,3,1,6870,15530,447,85,12,0,80,"Research & Development","Healthcare Representative",2,4,2,No,Travel_Rarely,2,1,1,11,3,2,1,2,3
1815,41,Female,Divorced,1,Marketing,0,Y,4,No,3,1,10447,26458,796,81,13,1,80,Sales,"Sales Executive",3,3,3,Yes,Travel_Rarely,3,4,4,23,22,14,13,5,3
1816,30,Female,Single,3,Medical,9,Y,10,No,3,1,9667,2739,1092,64,14,0,80,"Research & Development","Manufacturing Director",3,3,3,No,Travel_Rarely,1,2,3,9,7,7,0,2,3
1818,26,Female,Married,2,Medical,0,Y,20,Yes,3,1,2148,6889,920,69,11,0,80,"Human Resources","Human Resources",1,3,2,Yes,Travel_Rarely,4,3,3,6,5,1,1,4,3
1821,46,Female,Married,2,Medical,4,Y,21,Yes,4,1,8926,10842,261,66,22,1,80,"Research & Development","Healthcare Representative",2,3,2,No,Travel_Rarely,4,4,4,13,9,7,3,7,2
1822,40,Female,Divorced,3,"Life Sciences",4,Y,1,No,3,1,6513,9060,1194,52,17,1,80,"Research & Development","Healthcare Representative",2,3,4,No,Travel_Rarely,3,4,3,12,5,3,0,3,3
1823,34,Male,Married,2,"Technical Degree",1,Y,8,No,4,1,6799,22128,810,92,21,2,80,Sales,"Sales Executive",2,4,3,No,Travel_Rarely,2,3,3,10,10,8,4,8,5
1824,58,Male,Divorced,3,Medical,4,Y,2,No,4,1,16291,22577,350,52,22,1,80,Sales,Manager,4,3,2,No,Non-Travel,2,4,2,37,16,9,14,14,0
1826,35,Male,Married,4,Medical,0,Y,23,No,3,1,2705,9696,185,91,16,1,80,"Research & Development","Laboratory Technician",1,1,3,No,Travel_Rarely,2,2,4,6,5,4,0,3,2
1827,47,Female,Divorced,3,"Life Sciences",8,Y,4,No,3,1,10333,19271,1001,92,12,1,80,"Research & Development","Manufacturing Director",3,2,2,Yes,Travel_Rarely,3,3,3,28,22,11,14,10,4
1829,40,Female,Divorced,3,"Life Sciences",2,Y,12,No,3,1,4448,10748,750,47,12,1,80,"Research & Development","Healthcare Representative",2,3,1,No,Travel_Rarely,2,2,3,15,7,4,7,7,3
1830,54,Female,Married,4,Medical,4,Y,7,No,3,1,6854,15696,431,68,15,1,80,"Research & Development","Research Scientist",2,3,4,No,Travel_Rarely,4,2,2,14,7,1,1,7,2
1833,31,Female,Married,4,Marketing,2,Y,7,No,3,1,9637,8277,1125,68,14,2,80,Sales,"Sales Executive",3,3,1,No,Travel_Frequently,1,4,3,9,3,2,2,2,3
1834,28,Female,Married,3,Medical,1,Y,1,No,4,1,3591,12719,1217,67,25,1,80,"Research & Development","Research Scientist",1,3,1,No,Travel_Rarely,3,3,3,3,3,2,1,2,3
1835,38,Female,Married,4,Marketing,2,Y,2,No,4,1,5405,4244,723,77,20,2,80,Sales,"Sales Representative",2,1,4,Yes,Travel_Rarely,2,1,2,20,4,2,0,3,4
1836,26,Male,Single,3,Medical,1,Y,10,No,3,1,4684,9125,572,46,13,0,80,Sales,"Sales Executive",2,3,4,No,Travel_Rarely,3,1,3,5,5,3,1,2,4
1837,58,Male,Married,4,"Life Sciences",2,Y,15,No,3,1,15787,21624,1216,87,14,0,80,"Research & Development","Research Director",4,3,3,Yes,Travel_Frequently,1,2,3,23,2,2,2,2,3
1839,18,Female,Single,3,Medical,1,Y,14,No,3,1,1514,8018,1431,33,16,0,80,"Research & Development","Research Scientist",1,3,3,No,Non-Travel,2,3,1,0,0,0,0,0,4
1842,31,Male,Married,5,"Human Resources",0,Y,18,Yes,3,1,2956,21495,359,89,17,0,80,"Human Resources","Human Resources",1,4,1,No,Travel_Rarely,4,3,3,2,1,0,0,0,4
1844,29,Male,Divorced,3,"Human Resources",4,Y,13,Yes,3,1,2335,3157,350,56,15,3,80,"Human Resources","Human Resources",1,2,1,Yes,Travel_Rarely,1,4,3,4,2,2,2,0,3
1845,45,Female,Married,4,"Life Sciences",4,Y,2,No,4,1,5154,19665,589,67,22,2,80,Sales,"Sales Executive",2,3,3,No,Non-Travel,3,2,4,10,8,7,5,7,3
1847,36,Female,Married,4,Other,4,Y,2,No,4,1,6962,19573,430,73,22,1,80,"Research & Development","Research Scientist",2,3,2,Yes,Travel_Rarely,4,4,3,15,1,0,0,0,2
1849,43,Male,Married,4,"Life Sciences",1,Y,2,No,4,1,5675,19246,1422,92,20,1,80,Sales,"Sales Executive",2,3,4,No,Travel_Frequently,1,3,3,7,7,7,7,7,5
1850,27,Female,Single,2,"Life Sciences",0,Y,5,No,3,1,2379,19826,1297,53,14,0,80,"Research & Development","Laboratory Technician",1,3,4,Yes,Travel_Frequently,4,3,2,6,5,4,0,2,3
1852,29,Male,Married,1,Medical,1,Y,20,No,3,1,3812,7003,574,40,13,0,80,"Research & Development","Laboratory Technician",1,3,4,No,Travel_Frequently,4,2,4,11,11,8,3,10,3
1853,32,Male,Single,4,Marketing,8,Y,10,No,3,1,4648,26075,1318,79,13,0,80,Sales,"Sales Executive",2,3,4,No,Travel_Frequently,4,3,4,4,0,0,0,0,2
1854,42,Male,Married,4,"Technical Degree",3,Y,10,No,4,1,2936,6161,355,38,22,2,80,"Research & Development","Research Scientist",1,3,3,No,Non-Travel,3,2,2,10,6,3,3,3,1
1856,47,Female,Single,4,"Life Sciences",4,Y,9,No,3,1,2105,5411,207,64,12,0,80,"Research & Development","Laboratory Technician",1,3,3,No,Travel_Rarely,2,3,3,7,2,2,2,0,2
1857,46,Male,Divorced,2,"Life Sciences",3,Y,2,No,3,1,8578,19989,706,82,14,1,80,"Research & Development","Manufacturing Director",3,3,4,No,Travel_Rarely,4,3,2,12,9,8,4,7,4
1858,28,Male,Divorced,2,"Life Sciences",1,Y,1,No,3,1,2706,10494,280,43,15,1,80,"Human Resources","Human Resources",1,3,4,No,Non-Travel,3,2,3,3,3,2,2,2,2
1859,29,Male,Divorced,1,"Life Sciences",8,Y,29,No,3,1,6384,21143,726,93,17,2,80,"Research & Development","Healthcare Representative",2,1,3,No,Travel_Rarely,4,4,3,11,7,0,1,6,3
1860,42,Male,Single,3,"Life Sciences",4,Y,8,No,3,1,3968,13624,1142,81,13,0,80,"Research & Development","Laboratory Technician",1,3,3,No,Travel_Rarely,4,4,3,8,0,0,0,0,3
1862,32,Male,Single,4,Marketing,7,Y,2,Yes,3,1,9907,26186,414,82,12,0,80,Sales,"Sales Executive",2,2,2,Yes,Travel_Rarely,3,3,2,7,2,2,2,2,3
1863,46,Female,Divorced,3,"Technical Degree",2,Y,3,No,3,1,13225,7739,1319,45,12,1,80,Sales,"Sales Executive",4,4,1,No,Travel_Rarely,1,4,3,25,19,17,2,8,5
1864,27,Female,Married,1,Medical,1,Y,23,No,4,1,3540,7018,728,36,21,1,80,Sales,"Sales Representative",2,2,3,No,Travel_Rarely,2,4,3,9,9,8,5,8,5
1865,29,Male,Married,1,Medical,1,Y,6,No,3,1,2804,15434,352,87,11,0,80,"Human Resources","Human Resources",1,2,2,No,Travel_Rarely,4,4,3,1,1,0,0,0,3
1866,43,Female,Married,3,Medical,7,Y,6,No,3,1,19392,22539,823,81,13,0,80,"Research & Development",Manager,5,2,3,No,Travel_Rarely,1,4,3,21,16,12,6,14,2
1867,48,Male,Married,3,"Life Sciences",4,Y,10,No,3,1,19665,13583,1224,91,12,0,80,"Research & Development","Research Director",5,2,2,No,Travel_Rarely,4,4,3,29,22,10,12,9,3
1868,29,Male,Single,2,"Life Sciences",1,Y,24,Yes,4,1,2439,14753,459,73,24,0,80,"Research & Development","Research Scientist",1,2,4,Yes,Travel_Frequently,4,2,2,1,1,0,1,0,3
1869,46,Female,Married,3,"Life Sciences",5,Y,10,Yes,4,1,7314,14011,1254,64,21,3,80,Sales,"Sales Executive",3,3,2,No,Travel_Rarely,3,3,3,14,8,7,0,7,2
1870,27,Female,Married,3,"Life Sciences",0,Y,15,No,3,1,4774,23844,1131,77,19,1,80,"Research & Development","Research Scientist",1,2,1,No,Travel_Frequently,4,4,2,8,7,6,7,3,2
1871,39,Male,Divorced,4,Other,8,Y,19,No,3,1,3902,5141,835,41,14,3,80,"Research & Development","Research Scientist",2,3,4,No,Travel_Rarely,4,2,3,7,2,2,2,2,2
1873,55,Male,Married,4,"Technical Degree",8,Y,2,No,4,1,2662,7975,836,98,20,1,80,"Research & Development","Research Scientist",1,2,4,No,Travel_Rarely,2,2,4,19,5,2,0,4,2
1875,28,Female,Married,3,Medical,1,Y,3,No,3,1,2856,3692,1172,78,19,1,80,Sales,"Sales Representative",1,3,2,No,Travel_Rarely,2,4,3,1,1,0,0,0,3
1876,30,Male,Single,3,Medical,1,Y,9,Yes,3,1,1081,16019,945,89,13,0,80,Sales,"Sales Representative",1,3,4,No,Travel_Rarely,2,3,2,1,1,0,0,0,3
1878,22,Male,Single,1,"Life Sciences",1,Y,7,Yes,4,1,2472,26092,391,75,23,0,80,"Research & Development","Research Scientist",1,3,2,Yes,Travel_Rarely,4,1,3,1,1,0,0,0,2
1880,36,Female,Married,4,"Technical Degree",1,Y,10,No,3,1,5673,6060,1266,63,13,1,80,Sales,"Sales Executive",2,2,3,Yes,Travel_Rarely,2,1,3,10,10,9,1,7,4
1881,31,Male,Divorced,3,"Life Sciences",1,Y,20,No,3,1,4197,18624,311,89,11,1,80,"Research & Development","Laboratory Technician",2,3,3,No,Travel_Rarely,2,1,3,10,10,8,0,2,2
1882,34,Male,Married,3,"Life Sciences",2,Y,4,No,3,1,9713,24444,1480,64,13,3,80,Sales,"Sales Executive",3,3,4,Yes,Travel_Rarely,3,4,3,9,5,3,1,0,3
1883,29,Male,Single,3,"Life Sciences",3,Y,7,No,3,1,2062,19384,592,59,14,0,80,"Research & Development","Laboratory Technician",1,3,1,No,Travel_Rarely,4,2,3,11,3,2,1,2,2
1885,37,Male,Married,4,Medical,5,Y,7,No,4,1,4284,13588,783,78,22,1,80,"Research & Development","Research Scientist",2,3,1,Yes,Travel_Rarely,4,3,3,16,5,3,0,4,2
1886,35,Female,Married,2,Other,0,Y,16,No,3,1,4788,25388,219,44,11,0,80,"Research & Development","Manufacturing Director",2,2,2,Yes,Travel_Rarely,4,4,3,4,3,2,0,2,2
1888,45,Female,Married,2,"Life Sciences",0,Y,25,No,3,1,5906,23888,556,93,13,2,80,"Research & Development","Manufacturing Director",2,2,4,No,Travel_Rarely,2,4,2,10,9,8,3,8,2
1890,36,Male,Single,1,"Human Resources",1,Y,2,No,4,1,3886,4223,1213,94,21,0,80,"Human Resources","Human Resources",2,2,4,No,Travel_Frequently,2,4,2,10,10,1,0,8,2
1892,40,Male,Divorced,4,"Life Sciences",2,Y,1,No,3,1,16823,18991,1137,98,11,1,80,"Research & Development",Manager,4,3,1,No,Travel_Rarely,1,1,3,22,19,7,11,16,3
1893,26,Female,Married,2,"Life Sciences",1,Y,1,No,3,1,2933,14908,482,90,13,1,80,"Research & Development","Research Scientist",1,2,3,Yes,Travel_Rarely,2,3,2,1,1,0,1,0,3
1898,27,Female,Single,2,Medical,0,Y,2,No,3,1,6500,26997,511,89,14,0,80,Sales,"Sales Executive",2,4,3,No,Travel_Rarely,1,2,2,9,8,7,0,7,5
1900,48,Female,Divorced,3,Medical,3,Y,22,No,3,1,17174,2437,117,58,11,1,80,"Research & Development",Manager,4,3,4,No,Travel_Frequently,4,2,3,24,22,17,4,7,3
1903,44,Male,Married,4,"Life Sciences",2,Y,1,No,3,1,5033,9364,170,78,15,1,80,"Research & Development","Healthcare Representative",2,4,1,No,Travel_Rarely,2,4,3,10,2,0,2,2,5
1905,34,Male,Married,4,"Technical Degree",1,Y,16,Yes,4,1,2307,14460,967,85,23,1,80,"Research & Development","Research Scientist",1,1,1,Yes,Non-Travel,4,2,3,5,5,2,3,0,2
1907,56,Male,Single,2,"Life Sciences",1,Y,24,Yes,3,1,2587,10261,1162,97,16,0,80,"Research & Development","Laboratory Technician",1,3,4,No,Travel_Rarely,1,4,3,5,4,2,1,0,3
1908,36,Male,Married,2,Marketing,2,Y,17,No,3,1,5507,16822,335,33,16,2,80,Sales,"Sales Executive",2,2,2,No,Travel_Rarely,3,3,1,12,4,2,1,3,1
1909,41,Female,Married,3,Marketing,5,Y,8,No,4,1,4393,26841,337,54,21,1,80,Sales,"Sales Executive",2,3,2,No,Travel_Rarely,3,3,3,14,5,4,1,4,3
1911,42,Male,Married,3,Medical,9,Y,6,No,3,1,13348,14842,1396,83,13,1,80,"Research & Development","Research Director",3,3,1,No,Travel_Rarely,3,2,4,18,13,7,5,7,3
1912,31,Female,Divorced,2,Medical,2,Y,10,No,3,1,6583,20115,1079,86,11,1,80,Sales,"Sales Executive",2,3,4,Yes,Travel_Rarely,3,4,3,8,5,2,1,4,2
1915,34,Female,Married,1,Medical,3,Y,3,No,3,1,8103,16495,735,75,12,0,80,Sales,"Sales Executive",2,2,4,Yes,Travel_Rarely,4,3,2,9,4,2,0,1,3
1916,31,Female,Divorced,3,Medical,8,Y,4,No,3,1,3978,16031,471,62,12,1,80,"Research & Development","Laboratory Technician",1,4,3,No,Travel_Rarely,1,2,2,4,2,2,2,2,0
1918,26,Male,Married,3,Other,0,Y,6,No,3,1,2544,7102,1096,61,18,1,80,"Research & Development","Laboratory Technician",1,4,4,No,Travel_Frequently,3,1,3,8,7,7,7,7,3
1922,45,Male,Single,4,Medical,4,Y,1,No,3,1,5399,14511,1297,44,12,0,80,"Research & Development","Healthcare Representative",2,3,3,No,Travel_Frequently,2,3,3,12,4,2,0,3,3
1924,33,Male,Single,4,Marketing,1,Y,10,No,3,1,5487,10410,217,43,14,0,80,Sales,"Sales Executive",2,3,3,No,Travel_Rarely,2,2,2,10,10,4,0,9,2
1927,28,Male,Married,2,"Life Sciences",1,Y,1,No,3,1,6834,19255,783,42,12,1,80,Sales,"Sales Executive",2,2,4,Yes,Travel_Frequently,3,3,3,7,7,7,0,7,2
1928,29,Male,Single,3,"Technical Degree",1,Y,24,Yes,3,1,1091,10642,746,45,17,0,80,Sales,"Sales Representative",1,4,1,No,Travel_Frequently,3,4,3,1,1,0,0,0,3
1929,39,Female,Married,4,"Life Sciences",6,Y,21,No,3,1,5736,3987,1251,32,19,1,80,Sales,"Sales Executive",2,1,3,No,Non-Travel,1,3,3,10,3,2,1,2,1
1931,27,Male,Married,4,"Technical Degree",1,Y,2,No,3,1,2226,6073,1354,41,11,1,80,"Research & Development","Research Scientist",1,3,2,No,Travel_Rarely,2,3,2,6,5,3,1,2,3
1932,34,Male,Married,4,Other,1,Y,22,No,3,1,5747,26496,735,86,15,0,80,"Research & Development","Research Scientist",2,2,4,Yes,Travel_Frequently,3,2,3,16,15,10,6,11,3
1933,28,Female,Single,2,Marketing,3,Y,13,Yes,3,1,9854,23352,1475,84,11,0,80,Sales,"Sales Executive",2,3,3,Yes,Travel_Rarely,4,4,3,6,2,0,2,2,0
1934,47,Male,Married,4,"Technical Degree",8,Y,14,No,3,1,5467,2125,1169,64,18,1,80,"Research & Development","Research Scientist",2,3,2,No,Non-Travel,3,3,4,16,8,7,1,7,4
1935,56,Female,Married,5,Marketing,4,Y,11,No,3,1,5380,20328,1443,89,16,1,80,Sales,"Sales Executive",2,2,1,No,Travel_Rarely,4,3,3,6,0,0,0,0,3
1936,39,Male,Married,2,Medical,1,Y,9,No,4,1,5151,12315,867,87,25,1,80,"Research & Development","Manufacturing Director",2,3,1,No,Travel_Rarely,1,4,3,10,10,0,7,9,3
1937,38,Female,Divorced,3,Medical,1,Y,8,No,3,1,2133,18115,1394,58,16,1,80,"Research & Development","Research Scientist",2,2,2,Yes,Travel_Frequently,4,3,3,20,20,11,0,7,3
1938,58,Female,Married,3,"Life Sciences",4,Y,21,No,3,1,17875,11761,605,72,13,1,80,Sales,Manager,4,3,4,Yes,Travel_Rarely,4,3,2,29,1,0,0,0,2
1939,32,Female,Single,2,"Life Sciences",3,Y,5,Yes,3,1,2432,15318,238,47,14,0,80,"Research & Development","Research Scientist",1,4,3,Yes,Travel_Frequently,1,1,3,8,4,1,0,3,2
1940,38,Male,Divorced,2,"Life Sciences",2,Y,9,No,3,1,4771,14293,1206,71,19,2,80,"Research & Development","Research Scientist",1,3,4,No,Travel_Rarely,2,4,4,10,5,2,0,3,0
1941,49,Male,Married,1,"Life Sciences",3,Y,2,No,3,1,19161,13738,1064,42,15,0,80,"Research & Development","Research Director",5,3,4,No,Travel_Frequently,2,4,3,28,5,4,4,3,3
1943,42,Male,Divorced,4,Marketing,3,Y,12,No,3,1,5087,2900,419,77,12,2,80,Sales,"Sales Executive",2,3,4,Yes,Travel_Rarely,2,3,3,14,0,0,0,0,4
1944,27,Female,Married,3,"Human Resources",1,Y,22,Yes,3,1,2863,19555,1337,58,12,0,80,"Human Resources","Human Resources",1,2,2,No,Travel_Frequently,1,1,3,1,1,0,0,0,2
1945,35,Male,Married,4,Medical,0,Y,18,No,3,1,5561,15975,682,71,16,1,80,Sales,"Sales Executive",2,3,1,No,Travel_Rarely,2,4,1,6,5,3,0,4,2
1947,28,Male,Single,3,Medical,1,Y,16,No,3,1,2144,2122,1103,49,14,0,80,"Research & Development","Research Scientist",1,3,3,No,Non-Travel,3,3,2,5,5,3,1,4,3
1948,31,Male,Divorced,2,Medical,1,Y,3,No,3,1,3065,3995,976,48,13,1,80,"Research & Development","Research Scientist",1,3,1,Yes,Non-Travel,3,4,4,4,4,2,2,3,3
1949,36,Male,Married,4,"Life Sciences",1,Y,9,No,4,1,2810,9238,1351,66,22,0,80,"Research & Development","Laboratory Technician",1,4,2,No,Non-Travel,1,2,3,5,5,4,0,2,3
1950,34,Male,Single,3,Marketing,1,Y,1,No,4,1,9888,6770,937,32,21,0,80,Sales,"Sales Executive",3,3,4,No,Travel_Rarely,1,1,2,14,14,8,2,1,3
1951,34,Male,Divorced,4,Medical,1,Y,13,No,3,1,8628,22914,1239,39,18,1,80,Sales,"Sales Executive",3,3,3,No,Travel_Rarely,4,3,2,9,8,7,1,1,2
1952,26,Male,Single,3,Medical,0,Y,1,No,3,1,2867,20006,157,95,13,0,80,"Research & Development","Laboratory Technician",1,3,1,No,Travel_Rarely,3,4,2,8,7,7,7,6,6
1954,29,Male,Married,3,"Life Sciences",0,Y,1,No,3,1,5373,6225,136,89,12,1,80,"Research & Development","Healthcare Representative",2,3,1,No,Travel_Rarely,1,1,2,6,5,3,0,2,5
1955,32,Female,Divorced,4,Medical,5,Y,15,No,3,1,6667,16542,1146,34,18,1,80,"Research & Development","Healthcare Representative",2,3,4,No,Non-Travel,3,2,3,9,5,1,1,2,6
1956,31,Male,Married,3,"Life Sciences",1,Y,1,No,4,1,5003,5771,1125,48,21,0,80,"Research & Development","Research Scientist",2,1,1,No,Travel_Frequently,4,2,3,10,10,8,8,7,6
1960,28,Male,Divorced,3,"Technical Degree",5,Y,17,Yes,3,1,2367,18779,1404,32,12,1,80,"Research & Development","Laboratory Technician",1,2,4,No,Travel_Rarely,3,1,2,6,4,1,0,3,2
1961,38,Male,Single,3,"Life Sciences",4,Y,1,No,3,1,2858,11473,1404,59,14,0,80,Sales,"Sales Representative",1,2,1,No,Travel_Rarely,1,1,2,20,1,0,0,0,3
1962,35,Female,Married,4,"Life Sciences",1,Y,7,No,3,1,5204,13586,1224,55,11,0,80,Sales,"Sales Executive",2,3,4,Yes,Travel_Rarely,3,4,3,10,10,8,0,9,2
1965,27,Male,Single,3,Marketing,1,Y,9,No,3,1,4105,5099,954,44,14,0,80,Sales,"Sales Executive",2,3,4,No,Travel_Rarely,4,1,3,7,7,7,0,7,5
1966,32,Male,Single,4,"Life Sciences",8,Y,5,No,4,1,9679,10138,1373,56,24,0,80,"Research & Development","Manufacturing Director",2,2,4,No,Travel_Rarely,4,2,3,8,1,0,0,0,1
1967,31,Male,Married,4,Marketing,1,Y,26,Yes,3,1,5617,21075,754,63,11,0,80,Sales,"Sales Executive",2,3,4,Yes,Travel_Frequently,1,3,3,10,10,7,0,8,4
1968,53,Male,Single,4,"Life Sciences",6,Y,24,Yes,3,1,10448,5843,1168,66,13,0,80,Sales,"Sales Executive",3,3,1,Yes,Travel_Rarely,1,2,2,15,2,2,2,2,2
1969,54,Female,Married,2,"Life Sciences",3,Y,9,No,3,1,2897,22474,155,67,11,2,80,"Research & Development","Research Scientist",2,3,3,No,Travel_Rarely,1,3,2,9,4,3,2,3,6
1970,33,Male,Divorced,2,"Life Sciences",1,Y,7,No,4,1,5968,18079,1303,36,20,3,80,"Research & Development","Healthcare Representative",2,3,3,No,Travel_Frequently,4,3,3,9,9,7,2,8,2
1971,43,Male,Married,3,"Life Sciences",1,Y,11,No,3,1,7510,16873,574,30,17,1,80,"Research & Development","Healthcare Representative",3,3,3,No,Travel_Rarely,1,2,3,10,10,9,0,9,1
1972,38,Male,Married,4,Other,0,Y,1,No,3,1,2991,5224,1444,88,11,1,80,"Human Resources","Human Resources",1,3,2,Yes,Travel_Frequently,4,2,3,7,6,2,1,2,2
1973,55,Male,Married,4,"Human Resources",4,Y,26,No,3,1,19636,25811,189,71,18,1,80,"Human Resources",Manager,5,4,2,Yes,Travel_Rarely,3,1,3,35,10,9,1,4,0
1974,31,Female,Divorced,1,Medical,1,Y,2,No,3,1,1129,17536,1276,59,11,3,80,"Research & Development","Laboratory Technician",1,1,4,Yes,Travel_Rarely,4,3,3,1,1,0,0,0,4
1975,39,Male,Single,4,Marketing,0,Y,15,No,3,1,13341,25098,119,77,12,0,80,Sales,"Sales Executive",4,3,1,No,Travel_Rarely,2,1,3,21,20,8,11,10,3
1976,42,Male,Single,2,"Life Sciences",1,Y,23,No,3,1,4332,14811,335,37,12,0,80,"Research & Development","Research Scientist",2,2,3,No,Non-Travel,4,4,3,20,20,9,3,7,2
1979,31,Female,Married,3,Medical,4,Y,10,No,4,1,11031,26862,697,40,20,1,80,"Research & Development","Research Director",3,3,3,No,Non-Travel,3,3,4,13,11,7,4,8,2
1980,54,Female,Single,3,Medical,6,Y,10,No,3,1,4440,25198,157,77,19,0,80,"Research & Development","Manufacturing Director",2,3,1,Yes,Travel_Rarely,3,4,3,9,5,2,1,4,3
1981,24,Male,Single,2,"Life Sciences",1,Y,1,No,3,1,4617,14120,771,45,12,0,80,"Research & Development","Healthcare Representative",2,2,3,No,Travel_Rarely,2,2,2,4,4,3,1,2,2
1982,23,Male,Single,2,Other,1,Y,12,No,3,1,2647,13672,571,78,13,0,80,"Research & Development","Laboratory Technician",1,3,4,No,Travel_Rarely,4,3,4,5,5,2,1,4,6
1985,40,Female,Married,3,"Technical Degree",1,Y,11,No,3,1,6323,26849,692,73,11,1,80,"Research & Development","Laboratory Technician",2,3,3,No,Travel_Frequently,4,1,4,10,10,9,9,4,2
1986,40,Female,Married,2,Marketing,3,Y,2,No,3,1,5677,4258,444,92,14,1,80,Sales,"Sales Executive",2,3,2,No,Travel_Rarely,2,3,3,15,11,8,5,10,4
1987,25,Female,Married,3,"Human Resources",4,Y,2,No,3,1,2187,19655,309,82,14,0,80,"Human Resources","Human Resources",1,3,2,No,Travel_Rarely,3,3,3,6,2,0,1,2,3
1989,30,Male,Married,2,Medical,1,Y,1,No,3,1,3748,4077,911,76,13,0,80,"Research & Development","Laboratory Technician",1,3,2,No,Travel_Rarely,4,3,2,12,12,8,1,7,6
1992,25,Male,Divorced,1,Other,6,Y,2,No,3,1,3977,7298,977,57,19,1,80,"Research & Development","Laboratory Technician",1,3,3,Yes,Travel_Rarely,4,3,2,7,2,2,0,2,2
1993,47,Male,Single,3,Medical,2,Y,25,No,4,1,8633,13084,1180,84,23,0,80,"Research & Development","Healthcare Representative",3,3,3,No,Travel_Rarely,1,2,3,25,17,14,12,11,3
1994,33,Male,Divorced,2,Medical,1,Y,1,No,3,1,2008,20439,1313,59,12,3,80,"Research & Development","Laboratory Technician",1,2,3,No,Non-Travel,2,3,2,1,1,1,0,0,2
1995,38,Male,Married,4,"Life Sciences",0,Y,1,No,3,1,4440,7636,1321,86,15,2,80,Sales,"Sales Executive",2,3,2,No,Travel_Rarely,4,1,3,16,15,13,5,8,3
1996,31,Male,Married,2,"Life Sciences",0,Y,2,No,3,1,3067,6393,1154,54,19,1,80,Sales,"Sales Representative",1,3,3,No,Travel_Rarely,1,3,3,3,2,2,1,2,1
1997,38,Male,Married,4,"Life Sciences",2,Y,6,No,3,1,5321,14284,508,72,11,1,80,"Research & Development","Manufacturing Director",2,2,3,No,Travel_Frequently,1,4,3,10,8,3,7,7,1
1998,42,Male,Divorced,4,"Life Sciences",6,Y,18,No,3,1,5410,11189,557,35,17,1,80,"Research & Development","Research Scientist",2,3,1,Yes,Travel_Rarely,4,3,2,9,4,3,1,2,3
1999,41,Male,Married,3,"Life Sciences",3,Y,1,No,4,1,2782,21412,642,76,22,1,80,"Research & Development","Research Scientist",1,3,4,No,Travel_Rarely,4,1,3,12,5,3,1,0,3
2000,47,Female,Married,1,Medical,0,Y,1,No,3,1,11957,17231,1162,98,18,2,80,"Research & Development","Research Director",3,3,2,No,Non-Travel,3,1,1,14,13,8,5,12,3
2003,35,Male,Married,4,Medical,7,Y,11,No,3,1,2660,20232,1490,43,11,1,80,"Research & Development","Laboratory Technician",1,3,3,Yes,Travel_Rarely,4,3,3,5,2,2,2,2,3
2007,22,Male,Single,2,"Life Sciences",0,Y,1,No,3,1,3375,17624,581,63,12,0,80,"Research & Development","Research Scientist",1,3,3,No,Travel_Rarely,4,4,4,4,3,2,1,2,2
2008,35,Male,Single,4,Medical,1,Y,9,No,3,1,5098,18698,1395,48,19,0,80,"Research & Development","Research Scientist",2,3,3,No,Travel_Rarely,2,2,3,10,10,7,0,8,5
2009,33,Female,Married,2,Medical,0,Y,15,No,3,1,4878,21653,501,95,13,1,80,"Research & Development","Healthcare Representative",2,3,4,Yes,Travel_Rarely,2,1,3,10,9,7,8,1,6
2010,32,Female,Single,4,"Life Sciences",1,Y,29,No,3,1,2837,15919,267,49,13,0,80,"Research & Development","Laboratory Technician",1,2,2,No,Travel_Rarely,3,3,3,6,6,2,4,1,3
2012,40,Male,Married,4,"Life Sciences",8,Y,1,No,3,1,2406,4060,543,83,19,2,80,"Research & Development","Laboratory Technician",1,3,4,No,Travel_Rarely,1,3,2,8,1,0,0,0,3
2013,32,Male,Married,4,Medical,0,Y,1,No,3,1,2269,18024,234,68,14,1,80,Sales,"Sales Representative",1,2,2,No,Travel_Rarely,2,2,3,3,2,2,2,2,2
2014,39,Male,Single,1,"Life Sciences",7,Y,24,No,3,1,4108,5340,116,52,13,0,80,"Research & Development","Research Scientist",2,3,4,No,Travel_Rarely,1,1,3,18,7,7,1,7,2
2015,38,Female,Married,3,Medical,3,Y,10,No,3,1,13206,3376,201,99,12,1,80,"Research & Development","Research Director",3,1,3,No,Travel_Rarely,2,1,3,20,18,16,1,11,3
2016,32,Female,Married,4,Marketing,1,Y,1,No,3,1,10422,24032,801,48,19,2,80,Sales,"Sales Executive",3,3,4,No,Travel_Rarely,3,3,3,14,14,10,5,7,3
2017,37,Female,Married,3,"Life Sciences",1,Y,10,No,4,1,13744,15471,161,42,25,1,80,"Research & Development","Research Director",3,4,4,Yes,Travel_Rarely,3,1,3,16,16,11,6,8,2
2018,25,Female,Divorced,2,Other,0,Y,8,No,4,1,4907,13684,1382,85,22,1,80,Sales,"Sales Executive",2,3,3,Yes,Travel_Rarely,1,2,2,6,5,3,0,4,3
2019,52,Male,Divorced,4,"Life Sciences",2,Y,29,No,3,1,3482,19788,585,40,15,2,80,Sales,"Sales Representative",1,3,4,No,Non-Travel,1,2,2,16,9,8,0,0,3
2020,44,Male,Single,3,Medical,6,Y,1,No,3,1,2436,13422,1037,42,12,0,80,"Research & Development","Research Scientist",1,3,4,Yes,Travel_Rarely,2,3,3,6,4,3,1,2,2
2021,21,Male,Single,1,Medical,1,Y,5,No,3,1,2380,25479,501,58,11,0,80,Sales,"Sales Representative",1,3,1,Yes,Travel_Rarely,3,4,3,2,2,2,1,2,6
2022,39,Male,Single,3,"Life Sciences",2,Y,9,No,3,1,19431,15302,105,87,13,0,80,"Research & Development",Manager,5,3,4,No,Non-Travel,4,3,2,21,6,0,1,3,3
2023,23,Male,Married,3,Marketing,1,Y,9,Yes,3,1,1790,26956,638,33,19,1,80,Sales,"Sales Representative",1,3,1,No,Travel_Frequently,4,1,2,1,1,0,1,0,3
2024,36,Female,Married,3,Medical,0,Y,3,No,3,1,7644,12695,557,94,19,2,80,Sales,"Sales Executive",3,2,4,No,Travel_Rarely,1,3,3,10,9,7,3,4,2
2025,36,Female,Divorced,2,"Life Sciences",7,Y,4,No,3,1,5131,9192,688,97,13,3,80,"Research & Development","Manufacturing Director",2,3,2,No,Travel_Frequently,4,2,3,18,4,2,0,2,3
2026,56,Male,Divorced,4,"Life Sciences",1,Y,1,No,4,1,6306,26236,667,57,21,1,80,"Research & Development","Healthcare Representative",2,3,3,No,Non-Travel,3,1,2,13,13,12,1,9,2
2027,29,Male,Married,4,Medical,9,Y,1,Yes,3,1,4787,26124,1092,36,14,3,80,"Research & Development","Research Scientist",1,3,4,Yes,Travel_Rarely,1,2,4,4,2,2,2,2,3
2031,42,Male,Married,3,"Life Sciences",5,Y,2,No,3,1,18880,17312,300,56,11,0,80,"Research & Development",Manager,5,3,3,No,Travel_Rarely,1,1,2,24,22,6,4,14,2
2032,56,Male,Married,2,"Technical Degree",8,Y,7,Yes,3,1,2339,3666,310,72,11,1,80,"Research & Development","Laboratory Technician",1,3,3,No,Travel_Rarely,4,4,1,14,10,9,9,8,4
2034,41,Female,Married,4,"Life Sciences",0,Y,28,No,4,1,13570,5640,582,60,23,1,80,"Research & Development","Manufacturing Director",4,2,2,No,Travel_Rarely,1,3,3,21,20,7,0,10,3
2035,34,Female,Married,3,Marketing,1,Y,28,No,4,1,6712,8978,704,95,21,2,80,Sales,"Sales Executive",2,2,3,No,Travel_Rarely,4,4,3,8,8,7,1,7,2
2036,36,Male,Divorced,4,Marketing,1,Y,15,No,4,1,5406,10436,301,88,24,1,80,Sales,"Sales Executive",2,1,4,No,Non-Travel,4,1,2,15,15,12,11,11,4
2037,41,Male,Divorced,3,"Life Sciences",2,Y,3,No,3,1,8938,12227,930,57,11,1,80,Sales,"Sales Executive",2,2,2,No,Travel_Rarely,3,3,3,14,5,4,0,4,5
2038,32,Male,Single,3,"Technical Degree",1,Y,2,No,3,1,2439,11288,529,78,14,0,80,"Research & Development","Research Scientist",1,3,1,No,Travel_Rarely,4,4,3,4,4,2,1,2,4
2040,35,Female,Single,4,"Life Sciences",1,Y,26,No,3,1,8837,16642,1146,31,16,0,80,"Human Resources","Human Resources",3,3,4,Yes,Travel_Rarely,3,3,3,9,9,0,1,7,2
2041,38,Female,Married,2,"Life Sciences",1,Y,10,No,3,1,5343,5982,345,100,11,1,80,Sales,"Sales Executive",2,3,4,No,Travel_Rarely,1,3,3,10,10,7,1,9,1
2044,50,Male,Divorced,4,"Life Sciences",7,Y,1,Yes,3,1,6728,14255,878,94,12,2,80,Sales,"Sales Executive",2,3,3,No,Travel_Frequently,2,4,3,12,6,3,0,1,3
2045,36,Female,Married,4,Marketing,4,Y,11,No,3,1,6652,14369,1120,100,13,1,80,Sales,"Sales Executive",2,2,4,No,Travel_Rarely,2,1,2,8,6,3,0,0,2
2046,45,Female,Single,3,"Life Sciences",8,Y,20,No,3,1,4850,23333,374,50,15,0,80,Sales,"Sales Executive",2,3,3,No,Travel_Rarely,4,3,3,8,5,3,0,1,3
2048,40,Male,Single,4,"Life Sciences",2,Y,2,No,3,1,2809,2725,1322,52,14,0,80,"Research & Development","Research Scientist",1,2,3,No,Travel_Rarely,3,4,3,8,2,2,2,2,2
2049,35,Male,Married,4,"Life Sciences",1,Y,18,No,3,1,5689,24594,1199,80,14,2,80,"Research & Development","Healthcare Representative",2,3,3,Yes,Travel_Frequently,3,4,4,10,10,2,0,2,2
2051,40,Female,Married,4,Medical,2,Y,2,No,3,1,2001,12549,1194,98,14,3,80,"Research & Development","Research Scientist",1,3,3,No,Travel_Rarely,3,2,3,20,5,3,0,2,2
2052,35,Female,Married,4,"Life Sciences",1,Y,1,No,3,1,2977,8952,287,62,12,1,80,"Research & Development","Research Scientist",1,1,4,No,Travel_Rarely,3,4,3,4,4,3,1,1,5
2053,29,Male,Married,2,Other,4,Y,13,No,3,1,4025,23679,1378,46,13,1,80,"Research & Development","Laboratory Technician",2,2,2,Yes,Travel_Rarely,4,1,3,10,4,3,0,3,2
2054,29,Female,Single,4,Medical,1,Y,28,No,3,1,3785,8489,468,73,14,0,80,"Research & Development","Research Scientist",1,2,1,No,Travel_Rarely,4,2,1,5,5,4,0,4,3
2055,50,Male,Divorced,3,Marketing,4,Y,28,Yes,3,1,10854,16586,410,39,13,1,80,Sales,"Sales Executive",3,2,1,Yes,Travel_Rarely,4,2,3,20,3,2,2,0,3
2056,39,Female,Married,1,Marketing,0,Y,24,No,3,1,12031,8828,722,60,11,1,80,Sales,"Sales Executive",4,2,4,No,Travel_Rarely,2,1,2,21,20,9,9,6,2
2057,31,Male,Single,3,Medical,0,Y,5,No,3,1,9936,3787,325,74,19,0,80,"Research & Development","Manufacturing Director",2,3,1,No,Non-Travel,2,2,3,10,9,4,1,7,2
2060,26,Female,Single,3,Other,0,Y,5,No,3,1,2966,21378,1167,30,18,0,80,Sales,"Sales Representative",1,2,3,No,Travel_Rarely,4,4,3,5,4,2,0,0,2
2061,36,Male,Married,2,Medical,4,Y,23,No,3,1,2571,12290,884,41,17,1,80,"Research & Development","Laboratory Technician",2,4,4,No,Travel_Frequently,3,3,3,17,5,2,0,3,3
2062,39,Male,Married,1,Medical,4,Y,6,No,3,1,9991,21457,613,42,15,1,80,"Research & Development","Healthcare Representative",3,2,1,No,Travel_Rarely,4,1,3,9,7,7,1,7,5
2064,27,Male,Married,3,"Life Sciences",1,Y,4,No,4,1,6142,5174,155,87,20,1,80,"Research & Development","Manufacturing Director",2,4,2,Yes,Travel_Rarely,2,2,3,6,6,2,0,3,0
2065,49,Male,Married,3,Medical,2,Y,2,No,3,1,5390,13243,1023,63,14,0,80,Sales,"Sales Executive",2,2,2,No,Travel_Frequently,4,4,2,17,9,6,0,8,3
2068,34,Male,Married,3,Medical,2,Y,8,No,3,1,4404,10228,628,82,12,0,80,"Research & Development","Laboratory Technician",2,4,3,No,Travel_Rarely,2,1,4,6,4,3,1,2,3
